student_id,cgpa,tenth_percentage,twelfth_percentage,backlogs,internships,certifications,python_skill,java_skill,cpp_skill,javascript_skill,react_skill,sql_skill,machine_learning_skill,data_science_skill,django_skill,fastapi_skill,nodejs_skill,git_skill,aws_skill,docker_skill,communication_score,aptitude_score,projects,coding_score,attendance,extracurricular,placed
1000,8.82,97.4,90,0,2,6,1,1,1,1,1,1,1,0,1,1,0,1,1,1,80.7,90,5,93.4,98.7,2,1
1001,7.3,100,83.55,0,0,7,0,1,1,0,0,1,0,1,0,0,0,1,0,0,73.1,81.2,7,71.8,74.6,3,1
1002,7.4,81.59,66.69,2,1,1,1,0,0,1,1,0,0,0,0,1,1,1,0,0,64.6,60.8,3,70.8,78.5,1,0
1003,7.33,93.44,71.92,1,0,4,1,0,1,1,1,1,1,1,0,0,0,0,1,0,59,79.2,4,83.1,84.4,0,1
1004,6.77,79.99,88.24,2,0,6,1,0,0,0,1,1,0,1,1,0,0,1,0,0,65.4,71.9,3,52.4,88,3,0
1005,7.43,83.85,64.94,0,0,1,1,1,1,0,1,1,0,1,0,1,0,1,0,1,63.1,81.8,6,100,85.5,0,0
1006,7.59,79.97,66.04,1,0,4,0,0,1,0,0,0,0,1,1,0,0,0,0,0,65.5,75.8,2,50.9,85.6,3,0
1007,7.77,88.94,90.95,0,0,1,0,0,1,0,1,1,0,0,0,0,0,1,0,0,82.3,64.4,3,52.1,87.6,2,1
1008,7.51,95.63,77.62,0,2,1,0,0,0,1,1,0,0,0,0,0,0,1,0,0,76.8,71.2,0,45.7,100,3,1
1009,6.38,89.04,95.87,0,3,4,0,0,1,0,0,0,0,0,0,0,0,0,0,0,53.9,45.5,4,44.4,85.5,0,0
1010,7.06,84.65,100,0,1,0,1,0,0,1,0,1,1,0,0,0,0,0,0,0,85.2,58.1,0,56.5,68.2,1,1
1011,8.27,77.83,94.95,0,1,4,1,0,0,0,0,1,1,0,0,1,1,1,1,0,66.7,96.1,4,53.2,80.7,0,1
1012,4.58,75.8,77.73,0,1,3,1,0,0,1,1,1,1,0,0,0,1,1,0,0,49.9,65.7,0,90.9,73.8,3,0
1013,8.03,80.11,81.87,0,0,4,0,0,0,1,1,0,0,0,0,0,0,1,0,0,91.7,61.4,4,80.3,79.7,2,1
1014,8.67,84.17,86.14,0,0,6,0,0,0,1,1,1,0,0,0,0,1,1,1,0,68.2,82.6,1,70.8,82.2,1,1
1015,7.37,88.91,92.22,0,0,5,1,1,0,1,0,0,0,0,0,0,1,0,0,0,65.8,67.9,4,55.9,87.2,1,1
1016,7.79,77.38,84.67,4,1,1,1,0,0,1,0,0,0,0,0,0,1,1,0,0,70.2,100,5,69,98.8,1,0
1017,6.77,82.74,67.8,0,4,8,1,1,0,0,1,0,0,0,0,0,0,0,0,1,69,63.8,4,67.7,78.2,2,0
1018,5.96,94.83,78.97,0,0,0,0,0,0,1,0,1,0,0,0,0,0,1,1,0,70.7,91.3,5,65.1,96.1,1,0
1019,7.6,85.36,90.38,1,0,0,1,0,1,1,1,1,0,1,0,0,1,1,0,0,83.7,73,4,82.5,82.8,3,1
1020,5.97,83.56,83.46,0,1,3,1,1,0,1,0,1,1,1,1,0,1,1,1,0,56.8,59.7,2,71.6,84.7,1,1
1021,6.42,83.18,80.38,2,3,6,1,0,0,1,1,1,0,0,0,0,0,1,1,0,70.4,82.5,0,68.9,78.7,1,0
1022,7.38,76.36,65.54,0,1,0,1,0,0,0,0,1,1,0,0,0,0,1,0,0,54.9,81.9,2,53.4,86.8,1,0
1023,9.22,84.22,81.15,0,0,1,0,1,0,1,0,1,0,0,0,0,1,1,0,0,98.6,92.3,1,56.2,79.1,1,1
1024,6.9,88.56,73.13,0,0,0,1,1,0,1,1,1,1,0,0,0,1,1,0,0,46.7,30.9,3,76.5,68.8,1,1
1025,6.78,85.36,80.8,0,1,5,0,1,1,1,0,0,0,0,0,0,0,1,0,0,84.7,55.3,1,62.2,85.8,1,1
1026,7.79,82.25,87.46,3,2,0,1,0,0,0,0,0,1,0,0,0,1,0,0,0,86,83.6,6,38.4,65.1,0,0
1027,7.04,94.3,76,0,2,3,0,1,1,1,0,0,0,0,0,0,0,1,0,1,95,76.9,4,48.4,91.8,3,1
1028,6.79,87.77,96.94,0,2,6,0,0,1,0,0,0,0,0,1,0,0,1,0,0,68.2,80.3,6,47.2,97.1,1,0
1029,7.57,94.16,72.63,0,0,1,1,0,0,0,0,1,0,1,0,0,0,1,0,0,60.5,70.2,3,37.9,82.7,2,1
1030,7.68,82.85,74.84,0,1,3,1,0,1,0,1,1,0,0,0,0,0,1,1,1,91.1,82,0,60.4,80.1,0,0
1031,8.64,78.36,73.45,1,2,1,1,0,0,0,1,0,1,1,0,1,1,1,1,1,46.6,94.5,1,73.8,80.3,3,0
1032,7.03,92.39,73.66,1,0,3,1,0,0,1,0,0,0,0,0,0,0,0,0,0,93.8,70.6,2,27.5,72.3,3,0
1033,7.33,73.69,80.91,0,0,3,0,1,1,1,0,0,0,0,0,0,0,1,0,0,65.1,71,4,47.4,86.8,2,0
1034,6.95,72.75,71.69,1,0,3,0,1,1,1,0,1,0,0,0,0,1,1,0,0,72.6,58.6,3,73.9,72.8,0,0
1035,9.13,88,84.79,1,1,0,1,0,0,1,0,0,0,0,0,0,0,1,0,0,81.5,70,6,36.7,90.6,0,1
1036,6.53,92.43,79.64,2,3,1,1,1,1,0,1,0,1,1,0,0,1,1,0,0,63.5,69.2,5,66.7,91.1,3,1
1037,8.46,93.79,73.85,0,3,8,1,0,0,1,1,1,1,0,0,1,1,0,0,0,55,78.2,4,58.5,100,3,1
1038,8.39,82.29,79.55,1,0,8,1,0,1,1,1,1,0,0,1,0,0,0,0,1,76.9,89.3,2,68,91.1,2,1
1039,6.99,86.75,76.61,0,1,3,0,1,1,0,0,0,0,0,0,0,0,1,0,0,58.2,67.9,1,37.7,86.8,0,0
1040,7.03,85.79,79.85,0,1,5,1,0,0,0,0,0,0,0,0,0,0,0,1,0,95.9,65.5,2,77.3,95.7,1,1
1041,7.63,78.48,84.45,2,0,1,0,0,1,1,0,0,1,0,0,0,1,1,0,1,72.5,74.1,3,88,85.3,0,0
1042,8.47,75.79,81.2,0,2,0,0,1,1,1,0,0,0,0,0,0,0,1,1,0,75.3,52.7,5,54.9,78.7,0,1
1043,8.14,92.97,91.79,0,1,3,1,0,1,0,1,1,1,0,0,0,0,0,1,0,79.9,78.8,2,63.2,90.9,2,1
1044,8.08,94.63,81.77,2,1,0,1,0,1,0,1,0,1,0,1,1,0,1,0,0,95.2,79.8,1,52.8,91.4,2,0
1045,7.88,83.81,74.86,0,1,4,1,0,0,1,0,1,1,0,0,0,0,0,0,0,73.9,56,3,44.1,85,2,0
1046,7.55,78.82,86.28,1,2,2,1,0,1,0,1,1,1,1,0,1,0,1,1,0,72.8,67.6,5,88.7,88.5,1,1
1047,9.43,76.53,86.78,5,0,4,1,1,1,0,0,0,0,0,0,0,1,0,0,0,68.5,94.7,0,67.2,85.3,2,0
1048,7.34,91.07,85.87,3,0,3,0,0,1,1,0,1,0,0,0,0,0,1,0,0,75.5,62.6,4,53.7,70.8,3,0
1049,6.49,90.46,68.79,0,4,2,1,1,0,1,0,1,1,0,0,1,1,1,0,0,87,66.7,2,71.2,80.8,2,1
1050,8.43,85.91,77.67,0,0,3,1,0,1,1,0,0,1,0,0,0,0,1,0,0,68.9,84.6,6,78.2,83.2,0,1
1051,6.56,86.21,74.14,0,2,5,0,0,0,0,0,1,0,0,0,0,0,1,0,1,84.1,64.2,6,68.9,83.3,2,1
1052,8.95,87.63,77.8,0,2,5,0,1,0,1,1,1,0,0,0,0,1,1,1,1,89.3,92.6,4,59.6,93.7,2,0
1053,8.41,66.01,73.85,2,0,2,1,1,1,1,0,0,0,0,1,1,1,1,0,1,67.4,76.3,2,100,62.5,0,1
1054,5.98,83.21,71.1,2,1,1,1,1,1,0,1,0,0,1,0,0,0,1,0,0,83.2,69.9,3,47.2,75.1,3,0
1055,7.11,93.65,83.46,3,1,2,0,1,1,0,1,0,0,0,1,0,0,1,1,0,65,74.8,5,53.1,78.7,0,1
1056,7.54,82.82,88.67,0,1,3,1,0,0,0,1,1,0,0,0,1,1,0,0,0,92.9,58.3,3,50.5,100,0,1
1057,6.4,77.93,80.3,2,3,3,1,0,0,0,0,0,0,0,1,0,0,1,0,0,57.2,69.2,3,37,87.1,1,0
1058,6.84,93.89,89.82,3,0,2,1,0,1,0,1,0,0,0,1,1,1,1,1,0,72,40.5,1,86.8,90.5,1,0
1059,7.96,100,69.82,0,4,5,0,1,0,1,0,0,0,0,0,1,1,1,0,0,70.7,70.6,1,80.1,84.9,2,1
1060,7.48,90.54,92.51,0,1,2,1,1,0,0,0,1,1,0,0,1,0,1,0,0,67.4,64.8,1,54,90,0,1
1061,8.84,79.49,76.3,0,2,0,0,0,0,1,0,1,0,1,0,0,1,1,0,0,82.3,79.4,3,59.6,79.5,0,1
1062,6.98,63.27,75.08,0,0,0,1,0,1,0,1,1,1,0,0,0,0,1,0,0,78.1,58,2,64.7,88.5,2,1
1063,8.44,71.21,76.34,2,2,6,0,1,0,1,0,1,0,1,1,0,1,1,1,0,58.8,87.5,4,54.1,100,1,1
1064,8.58,78.74,70.58,0,0,4,1,1,1,1,0,0,0,0,1,0,0,1,0,0,59.4,90.9,4,82.9,89.8,2,0
1065,7.96,77.17,83.23,0,1,3,1,1,1,0,0,1,0,0,0,0,0,0,0,0,82.4,79,6,29.6,75.6,2,1
1066,7.66,73.63,83.6,2,0,2,1,0,1,0,0,0,0,0,1,0,1,1,0,0,93.8,64.9,5,70.6,79.1,2,1
1067,6.73,86.09,67.4,1,1,5,1,0,1,0,1,0,1,1,1,0,0,0,0,0,78.2,73.1,3,73,74.2,1,0
1068,6.22,69.91,66.27,2,0,3,0,0,0,0,0,0,1,0,0,1,1,1,0,0,72.6,69.3,3,54.8,96.4,1,1
1069,8.83,80.55,72.03,0,1,4,0,0,1,0,0,1,0,0,0,0,0,1,0,0,62.6,79.6,7,62.8,84.3,1,1
1070,7.79,82.82,75.81,3,3,1,1,1,0,0,0,0,0,1,0,0,0,0,0,1,29.8,66.5,5,43.9,70.6,1,0
1071,7.32,86.84,78.01,0,1,4,1,1,1,0,1,0,0,0,0,1,0,0,0,0,68.5,58.9,0,50.5,93.2,1,1
1072,8.21,73.97,82.64,0,4,3,0,0,0,1,0,0,1,0,0,1,0,1,1,0,58.7,74.5,2,51.8,72.8,1,1
1073,8.31,98.16,70.69,0,2,2,0,1,1,1,0,0,0,1,0,0,0,1,0,0,69.1,57,0,51.9,85.2,3,1
1074,7.34,100,82.69,2,1,4,1,0,0,0,0,1,0,0,1,0,0,1,0,0,49.9,63,7,67,78.2,0,0
1075,7.14,86.38,86.85,0,0,6,1,0,0,0,0,0,1,0,0,0,1,1,0,0,58.7,76.9,5,45.8,100,2,1
1076,7.65,94.54,70.94,0,2,2,1,1,0,0,1,1,1,1,0,0,0,1,1,0,69.7,74.1,2,88.3,95.3,2,1
1077,7.48,86.98,72.89,0,0,5,0,1,0,0,0,1,1,1,0,0,0,0,0,0,53,80.5,2,68.6,80.8,3,0
1078,8.11,99.2,78.81,0,3,3,0,0,1,0,1,0,0,0,1,0,0,1,0,0,68.7,73.5,2,55.4,76.2,0,1
1079,9.15,68.92,77.33,1,2,0,0,0,0,0,1,1,1,0,1,0,0,0,0,1,74.9,85.5,6,45.8,75.5,0,0
1080,8.38,88.01,81.71,0,1,1,0,1,0,0,0,0,1,0,1,0,0,1,0,0,89.2,68.7,3,74.2,94,2,0
1081,9.03,83.16,78.34,0,0,1,1,0,1,0,1,1,0,1,1,0,1,1,0,0,76.7,100,7,64.3,79.5,1,1
1082,7.36,89.37,81.92,0,1,2,0,1,1,1,1,1,0,0,0,1,0,0,0,1,69.2,60.8,5,99.2,78.2,1,1
1083,7.63,85.16,74.47,1,1,2,1,0,1,1,0,0,0,0,0,0,1,0,0,0,75.3,77.5,1,49,82.6,0,0
1084,6.47,84.87,79.7,0,1,3,1,0,0,0,0,1,0,1,0,0,0,0,0,0,55.6,66,0,67.9,83.1,1,0
1085,8.23,69.31,90.54,1,1,1,1,0,1,1,1,1,0,1,1,0,1,1,0,0,96.5,61.1,3,85.3,94.3,0,0
1086,7.07,83.88,84.92,0,0,0,1,0,1,0,1,0,0,0,0,0,0,1,0,0,92.4,50.1,2,60.3,85.1,1,0
1087,7.63,96.58,82.25,2,0,1,1,1,0,0,0,0,1,0,0,0,0,0,0,0,97.4,84.9,0,55.2,68.8,0,0
1088,7.08,83.15,100,0,4,6,1,0,1,0,1,0,0,1,0,0,0,0,0,0,71.4,54.4,4,84.5,71.5,2,1
1089,6.91,85.92,58.22,0,4,2,0,0,0,1,1,0,0,0,0,1,0,1,0,0,97.4,64.4,5,69,94.5,2,0
1090,6.8,87.26,71.26,2,0,1,1,1,0,0,0,1,0,0,0,0,0,1,1,0,77.2,65.6,6,82.2,72.6,1,0
1091,6.83,82.47,75.06,0,0,2,0,1,1,1,1,1,1,0,0,0,0,1,0,1,71.1,68.3,5,68.8,68,2,1
1092,8.72,73.53,52.82,1,2,0,0,0,0,1,1,0,1,0,1,1,0,1,0,0,56.4,68,4,79.5,86.7,0,0
1093,7.49,91.64,70.7,0,1,0,1,0,1,0,0,1,0,0,0,1,0,1,0,0,77.3,55.8,2,49.4,92.4,2,1
1094,7.58,85.58,74.44,2,2,0,1,0,1,1,1,1,0,0,0,0,1,1,0,0,78.4,78.1,2,65,82.2,2,0
1095,6.54,78.06,76.24,1,2,2,1,0,1,1,1,1,0,1,0,1,1,1,1,1,66.9,28.4,4,85.3,77.2,1,0
1096,9.67,90.28,79.83,4,1,4,1,0,1,1,0,0,1,1,1,0,0,1,0,0,80.1,70.5,2,77.9,82.6,2,1
1097,7.55,89.36,86.09,0,0,1,1,0,0,1,0,0,0,0,0,0,1,1,0,0,74.7,53.1,2,50.1,70.6,2,0
1098,6.5,85.97,84.48,0,2,1,1,0,0,1,1,1,0,0,1,0,0,1,0,0,76.5,65.1,2,60.8,95.3,2,1
1099,7.18,100,62.95,0,0,5,0,0,1,0,1,0,0,0,0,0,1,1,0,1,72.3,68.6,7,60.2,72.2,0,1
1100,7.88,84.15,74.23,0,2,1,0,0,0,1,1,1,0,1,0,0,0,0,0,1,76.6,61.4,4,47.8,89.4,1,1
1101,7.44,77.63,83.05,0,4,0,1,1,0,0,0,0,1,0,0,0,0,1,0,1,48.6,68.5,4,61.7,91.7,0,1
1102,7.13,89.49,80.95,0,1,3,0,0,0,1,0,1,0,1,0,0,0,0,0,1,51.4,28.9,4,48.8,90.3,2,0
1103,7.68,80.17,88.62,1,0,6,1,1,1,1,0,1,1,0,1,0,1,1,1,1,87,80.3,3,86.5,91.1,2,1
1104,5.95,78.58,90.75,2,0,2,0,0,1,0,0,1,0,0,0,1,1,1,0,0,89.9,62.2,6,54.2,76.2,1,0
1105,7.73,65.53,81.41,3,2,2,1,0,0,1,0,1,1,1,0,0,0,1,0,0,36.5,66.9,6,81,89.8,0,1
1106,8.13,90.79,77.35,2,0,4,0,0,0,0,1,0,0,0,0,0,0,1,0,0,65,60.8,7,37.7,84.4,1,1
1107,6.72,87.01,87.29,2,1,5,1,0,1,0,0,1,0,0,0,0,0,1,0,0,95.4,58.1,6,40.4,91.2,1,0
1108,7.36,79.61,81.44,1,2,1,1,1,1,0,1,1,1,0,1,0,0,0,0,0,73.6,45.6,2,57.6,89.5,0,1
1109,6.91,70.02,78.85,0,1,0,0,1,1,0,0,0,1,1,0,0,0,0,0,0,79.2,45,0,66.2,86.9,2,0
1110,8,86.72,83.52,1,2,2,1,0,0,0,1,0,0,1,1,0,1,0,0,0,77.2,61.4,0,37.4,73.1,2,0
1111,6.05,84.13,79.22,1,2,0,0,0,1,1,1,1,1,1,0,0,0,1,1,0,75.7,74.8,1,77.4,73.4,2,0
1112,7.57,89.94,84.34,1,2,3,1,0,1,1,0,0,0,0,0,1,0,1,0,0,67.1,59.8,0,77.3,73.9,1,1
1113,8.27,78.48,80.04,0,2,1,1,1,1,0,0,0,0,1,1,1,1,1,0,0,84.7,61,1,91,80.6,2,0
1114,7.99,81.96,78.87,0,1,7,1,0,1,0,0,0,0,0,0,0,1,0,1,0,58.1,61.7,5,60.9,88,0,1
1115,7.23,84.9,95.7,0,0,1,0,1,1,1,1,1,0,0,0,0,0,1,0,0,70,48.5,3,42.3,78.6,1,1
1116,7.8,91.39,70.87,1,0,2,1,0,1,0,0,1,0,1,0,0,0,0,0,1,79.1,72.2,1,47.1,85.8,2,0
1117,9.08,86.89,83.05,0,1,1,0,0,1,1,0,0,1,1,0,0,0,0,1,0,67.3,58.1,5,53.7,94.9,2,0
1118,5.81,88.96,74.28,0,0,2,0,1,1,0,0,1,0,0,0,1,0,1,0,0,87.8,69.3,3,81.1,74.3,0,0
1119,8.77,92.59,93.74,1,3,4,0,0,0,0,0,0,1,0,0,0,1,1,0,0,81.9,65.6,6,56.4,81,1,1
1120,6.68,96.15,84.6,2,0,4,1,1,1,0,1,0,1,0,0,0,0,1,1,0,77.7,52.9,2,68.1,94.3,0,0
1121,5.73,81.34,84.42,1,1,6,1,0,0,0,0,1,0,1,1,0,1,0,0,0,68.6,60.4,5,60.3,85.9,0,0
1122,7.46,82.92,83,0,2,1,0,1,0,0,0,1,0,0,0,0,0,1,0,0,88.6,75.5,0,76.2,97.9,3,1
1123,6.24,82.35,85.04,0,1,0,1,0,1,0,1,1,0,0,0,0,1,1,0,1,64.4,95.3,3,80.9,90.6,2,1
1124,7.2,86.74,93.99,2,2,7,1,0,0,0,0,0,0,1,0,0,1,0,0,0,65.8,51,3,19.5,92.7,2,0
1125,8.06,82.67,81.91,1,4,0,0,0,0,0,1,1,1,0,0,0,0,1,0,1,60.8,57.4,5,53.6,93.1,1,1
1126,7.06,81.72,77.69,4,2,7,1,1,1,1,1,1,0,1,1,0,1,1,0,1,60.9,67.5,3,80.7,82.8,1,0
1127,6.74,94.82,82.54,0,0,3,1,1,1,1,0,1,1,1,0,0,0,1,0,1,87.1,70.1,2,100,86.7,3,1
1128,7.25,90.76,79.56,1,1,2,1,1,1,0,1,1,0,1,0,0,0,1,1,0,64.9,90.2,5,82.1,72.4,0,1
1129,6.45,73.67,82.62,0,2,1,0,0,1,1,0,1,1,0,0,0,1,0,0,0,65,76.1,6,55.3,79.5,1,0
1130,7.98,93.83,74.26,0,1,0,1,0,0,0,0,1,0,0,0,0,0,1,0,0,60.7,70.1,3,48.1,89.1,2,0
1131,5.58,84.17,87.98,0,2,1,1,1,1,0,1,1,1,1,1,0,1,1,1,0,80.6,51.2,0,96,66.2,1,1
1132,7.34,89.35,80.88,2,0,2,0,1,0,0,1,0,0,0,0,0,1,0,1,0,73.5,81.1,0,66.7,96.7,3,1
1133,8.83,75.29,68.49,0,1,5,1,1,0,1,1,1,0,1,0,0,0,1,0,0,81.5,80.2,6,57.9,70.2,1,1
1134,6.65,97.98,88.39,3,3,1,1,1,0,0,1,0,0,0,0,0,0,1,1,1,61.5,81.7,4,50.2,82.9,1,0
1135,7.6,90.82,91.26,3,2,6,1,1,0,0,1,1,1,1,0,1,1,1,0,1,75.9,99.2,2,87.9,87.4,0,1
1136,7.73,74.07,83.01,2,4,1,1,1,0,0,0,0,0,0,0,0,0,1,0,0,58,59.2,7,30.7,83.6,0,1
1137,8.43,83.45,72.34,0,1,5,1,1,1,0,1,0,0,0,1,0,0,1,0,0,94.1,75.5,5,74.9,80.9,0,1
1138,6.63,82.35,85.49,1,0,2,0,0,1,1,1,1,1,0,0,1,1,1,1,0,65.3,66.6,3,85.9,86.4,0,0
1139,7.02,85.22,89.16,0,4,1,0,0,0,0,0,0,0,0,0,0,0,1,0,0,66.8,85.5,5,65.3,100,1,0
1140,7.33,86.48,79.49,0,1,3,0,1,0,0,0,1,0,1,0,1,0,1,0,1,75.9,48.6,2,63.3,96,1,1
1141,8.02,66.01,91.35,0,2,6,1,1,1,0,0,1,1,1,0,0,1,1,0,0,61.7,66.4,1,43.2,82.3,0,0
1142,5.78,94.55,80.65,0,2,1,0,0,1,0,0,0,0,0,1,0,0,0,0,0,90.9,66.3,0,33.8,81.3,1,0
1143,6.69,89.42,73.02,0,1,2,1,0,0,0,1,1,1,0,0,0,1,1,0,0,77.4,50.9,3,58.3,58.8,1,0
1144,6.6,77.98,66.8,1,2,4,0,0,0,1,1,0,1,0,0,0,0,0,0,0,65.4,100,5,45.1,80.5,1,0
1145,6.94,69.31,72.94,1,3,4,1,0,1,0,1,0,0,1,1,0,1,0,1,1,63.7,81.4,5,72.9,81.6,2,1
1146,9,96.19,86.62,0,0,4,0,0,1,1,1,0,0,1,0,0,0,0,0,0,80.6,51.9,2,46.1,100,1,1
1147,9.22,79.63,72.17,1,1,2,1,0,1,0,1,1,0,1,0,0,0,0,0,0,68.4,71.8,0,81.9,86.7,0,1
1148,6.71,78.3,90.68,1,0,4,1,1,1,0,0,0,1,0,0,0,1,1,0,0,97.2,85.6,2,77,97.9,3,1
1149,7.62,88.87,100,0,1,2,1,1,1,1,0,1,0,0,0,0,0,1,1,0,86.9,85.1,2,80.8,65.6,1,1
1150,7.8,76.5,81.95,1,2,4,1,1,1,1,1,1,0,1,1,0,1,1,0,0,70,70.9,5,96.7,75.8,1,1
1151,6.69,89.26,68.57,2,2,1,0,0,0,0,0,1,0,0,0,0,0,1,0,1,64.8,65.7,2,54.4,85,2,0
1152,6.58,93.84,71.32,2,1,2,0,0,1,1,0,1,1,0,0,0,0,1,1,0,65.2,41.1,6,55.7,99.7,2,1
1153,6.28,99.94,72.99,0,0,2,1,1,1,1,0,1,0,1,1,0,0,0,0,0,72.6,88.9,3,67.4,88.6,0,0
1154,8.28,85.11,65.81,0,0,2,0,1,1,0,0,0,1,0,1,0,0,1,0,1,90.8,74.5,3,74.1,77.8,1,1
1155,5.22,85.49,84.25,0,1,3,1,0,0,1,1,1,1,0,0,0,0,0,0,0,87.4,76.6,2,57.7,78.9,1,0
1156,7.97,83.22,100,0,2,3,0,0,1,0,1,1,1,1,1,0,1,1,0,0,61.4,84.3,1,67.6,93,0,1
1157,7.16,78.18,80.09,0,3,3,1,1,1,1,1,1,1,0,0,1,1,1,1,1,47.1,69.8,6,99.2,100,1,0
1158,8.38,67.15,90.38,0,1,2,1,0,0,0,0,1,1,1,0,0,0,1,0,0,62.8,65.3,0,46.8,97.5,1,0
1159,7.18,88.02,76.87,2,1,7,0,0,0,0,0,0,0,0,1,0,1,1,0,0,72.2,68.1,1,40.3,80.5,0,0
1160,6.63,97.03,74.76,1,1,2,1,1,1,1,1,0,1,1,0,0,1,1,0,0,96,78.3,2,92,74.4,1,1
1161,8.82,80.81,74.49,0,0,0,1,0,1,1,0,1,1,1,0,0,1,1,0,1,83.1,70.8,3,100,88.1,1,1
1162,7.23,94.5,82.89,1,0,1,0,0,0,0,1,1,1,0,0,0,0,0,1,0,55.1,84,1,50.3,86.7,3,0
1163,8.04,83.14,88.99,1,3,8,1,0,1,1,0,1,1,1,0,0,0,1,0,0,58.7,42.6,4,85.6,96.3,0,1
1164,7.53,84.89,78.39,2,2,4,0,0,0,1,0,1,0,0,0,0,0,1,0,0,66,64.5,7,47.3,88.6,2,1
1165,8.17,71.93,69.59,0,0,1,0,1,0,0,0,1,0,0,0,0,0,1,0,1,83.9,58.8,5,64.4,76.1,2,0
1166,8.57,73.94,86.58,4,1,5,1,1,0,1,1,0,0,0,0,1,0,1,1,0,82.2,100,1,83.5,90.3,1,0
1167,7.74,87.03,83.4,1,1,6,1,1,0,1,0,0,0,1,1,0,1,0,0,1,70.3,64,4,84,96,3,0
1168,6.21,73.47,82.53,0,3,2,0,0,1,1,0,1,0,0,0,0,1,0,0,0,68.5,79.9,3,61.7,65.8,1,1
1169,7.39,72.73,76.32,0,0,0,0,1,1,1,1,1,0,0,1,1,0,1,1,1,68.5,61.2,4,74.4,78.6,2,1
1170,6.88,68.25,80.93,2,3,0,1,0,0,1,0,0,0,1,0,0,1,1,1,0,69.7,83,4,70,100,0,1
1171,7.05,75.49,72.89,0,1,2,0,0,1,1,0,1,1,1,0,1,0,1,0,1,76.8,61,5,73.5,69.1,1,1
1172,8.03,80.7,82.31,0,1,4,1,1,1,1,0,1,0,1,0,0,0,0,0,1,73,55.2,6,62,82.8,1,1
1173,7.59,79.97,79.15,0,0,2,1,0,1,0,0,0,1,0,1,1,0,0,0,0,52.5,51.4,6,62.8,81.6,2,0
1174,6.63,80.82,91.14,0,0,1,1,0,1,0,1,1,0,1,1,0,1,1,1,0,50.8,62.5,2,82.6,88.4,2,0
1175,7.36,79.17,67.55,0,0,6,1,1,1,0,1,0,1,0,0,0,0,1,0,0,66.6,76.9,0,50.8,80.9,1,1
1176,6.83,93.54,88.55,0,0,2,1,1,0,1,0,1,0,0,0,0,1,1,0,0,72.5,88.9,2,70.4,87.2,2,1
1177,8.14,81.34,89.84,0,1,4,0,1,0,0,1,1,0,0,0,0,0,0,0,0,70.8,82.2,2,48,100,2,0
1178,7.19,71.11,77.64,0,0,7,1,1,0,1,0,0,0,0,0,0,1,0,1,0,76.5,73.7,2,82.3,82,1,1
1179,8.61,93.32,79.21,0,0,2,0,0,0,1,1,1,1,0,0,0,0,0,0,0,46.3,70.9,1,72.7,89.8,0,1
1180,6.95,86.9,82.8,1,1,1,0,0,0,0,1,0,0,0,0,0,1,1,1,0,71.2,96.9,2,71.3,68,1,0
1181,6.8,87.55,64.68,0,2,0,1,0,1,0,0,1,1,0,0,0,1,1,0,1,60,58.9,3,65.5,66.4,1,0
1182,6.61,85.59,79.29,2,0,2,1,1,1,1,1,1,0,0,0,0,0,1,1,0,50.1,50.7,0,100,79.8,2,0
1183,4.94,76.29,69.61,3,3,3,1,1,0,0,0,1,1,0,0,0,1,0,0,0,73.1,52.8,3,52.6,84.8,2,0
1184,8.37,82.1,86.75,1,0,1,0,1,1,0,0,1,0,1,0,0,1,0,1,1,74.2,77.5,1,68.4,87.5,1,1
1185,6.87,81.09,80.45,0,3,0,0,1,0,1,0,0,0,0,0,0,1,1,0,0,79.1,80.2,3,61,96.8,0,1
1186,6.15,77.77,92.16,4,1,5,0,1,1,0,0,0,0,0,0,1,1,1,1,0,73.2,58.9,3,61.4,93,1,0
1187,7.38,97.47,89,0,1,0,1,1,1,0,1,1,0,0,0,0,0,1,0,0,59.3,67.5,4,94.8,78.4,1,0
1188,8.39,82.26,84.74,1,0,7,0,1,1,1,1,0,0,1,1,0,0,1,0,0,44.3,95.2,3,60.2,80.7,3,0
1189,7.19,76.22,88.84,0,1,3,1,0,1,0,0,1,0,0,0,0,0,1,0,0,70.2,76.4,3,71.5,80.7,1,1
1190,7.72,75.28,71.13,0,4,0,1,1,1,1,0,0,1,0,0,1,0,0,1,1,30,68.7,3,73.9,76.3,0,0
1191,8,81.29,65.22,1,1,2,0,0,0,0,0,0,0,0,0,0,0,0,0,0,58.1,39.3,1,32.5,87.9,2,0
1192,8.81,83.37,63.42,2,0,1,1,0,0,0,1,1,0,0,0,0,1,1,0,0,100,79.4,3,68,93,3,1
1193,7.24,68.9,74.63,0,2,0,1,1,1,1,1,1,1,0,0,0,0,0,1,0,80.6,90.9,0,81.7,74.9,0,1
1194,7.09,85.49,93.58,0,3,0,1,0,1,1,0,0,0,1,0,0,1,1,0,0,67.1,48.4,5,38.3,90.5,3,0
1195,6.06,74.9,71.96,0,3,2,1,1,0,1,1,1,0,0,0,0,1,1,0,0,85.2,92.1,4,71.9,89.5,3,1
1196,7.93,78.84,65.05,0,1,3,1,1,1,1,1,1,1,1,1,0,1,0,0,0,84.4,71.4,5,100,89.5,2,1
1197,7.21,80.72,82.56,1,2,2,1,0,1,1,1,1,1,0,0,1,1,1,0,0,56.4,66.8,3,86.5,87.5,2,0
1198,7.64,85.41,74,0,0,1,0,0,0,0,1,0,1,0,0,0,1,1,0,1,49.9,84.2,1,52.6,86.8,2,1
1199,8.35,94.64,91.89,0,0,2,0,1,1,1,0,0,0,1,0,1,0,1,0,0,85.7,87,5,80.2,83.9,2,1
1200,6.69,74.94,83.15,0,1,5,1,0,0,1,0,0,0,0,0,0,1,0,0,0,38.8,38.9,5,32.9,77.4,1,1
1201,6.81,85.6,77.13,1,0,0,0,1,1,0,0,1,0,0,0,1,0,1,0,0,55.2,77.4,3,56,80.5,1,0
1202,8.27,87.34,80.97,0,0,5,1,0,1,0,0,1,0,1,0,1,0,1,0,1,77.6,67.5,3,88.3,88.5,3,1
1203,6.06,80.31,76.64,2,0,3,1,0,0,0,1,1,0,0,0,0,1,1,1,0,77,63.6,2,65,92.9,0,0
1204,8.12,86.12,85.92,1,1,1,0,1,1,0,1,1,1,0,0,0,0,1,0,0,57.2,47.2,2,61.8,84.4,0,0
1205,8.19,91.78,79.01,1,2,7,0,1,0,1,0,0,0,0,0,0,0,0,0,0,71.9,66.3,7,49.2,89.5,2,0
1206,7.41,83.54,83.69,1,2,1,0,1,0,1,0,1,0,1,1,0,1,0,0,1,65.8,80.8,4,63.6,82.9,3,0
1207,6.39,84.05,87.73,2,0,5,1,1,0,0,0,1,0,0,0,1,1,1,0,0,87.2,67.8,2,59.6,79.6,1,0
1208,8.42,91.35,75.86,1,0,2,0,0,0,0,0,1,0,0,0,1,1,1,0,0,72.2,78.3,3,64.9,75.3,1,1
1209,6.74,73.97,80.2,4,0,0,0,0,0,1,0,0,0,0,0,0,0,1,0,0,65.7,86,0,55.8,98,1,0
1210,7.85,90.7,73.89,0,2,2,0,0,0,0,0,0,0,0,0,0,0,1,0,0,30.3,78.6,7,28.7,58.8,0,1
1211,9.44,77.6,77.77,1,0,1,0,0,1,0,1,0,0,1,0,1,0,1,0,0,83,79,2,59.9,98.3,2,0
1212,8.28,86.01,77.92,0,4,2,1,1,0,1,1,0,0,0,0,1,0,0,1,0,79.3,75.7,4,46.3,79.8,0,1
1213,8.65,72.03,88.63,0,1,7,0,0,0,0,1,0,0,0,1,0,0,1,0,1,71.8,50.3,2,75.4,91,1,1
1214,8.15,84.89,89.06,0,1,2,1,0,1,1,0,1,0,0,1,0,0,1,0,0,63.2,75.8,3,68.8,89.7,3,0
1215,7.95,59.2,81.16,2,1,0,0,0,1,1,1,0,1,0,1,0,0,0,0,0,80.9,53.5,2,45.4,86.2,2,0
1216,6.61,86,69.35,1,2,0,1,1,0,1,0,1,0,0,0,0,0,1,1,0,70.3,36.6,3,76.6,82.7,0,0
1217,7.35,76.92,75.31,0,1,2,0,0,1,1,0,0,0,0,1,0,0,1,0,0,65,74.2,3,29.9,89.4,2,1
1218,8.69,77,85.65,0,0,2,0,0,1,0,0,0,1,0,1,1,1,0,0,0,73.4,39.3,1,63.9,82.5,0,0
1219,7.58,77.32,66.96,2,0,0,0,0,0,1,1,1,0,0,1,0,0,1,0,0,61.1,68.9,2,66.4,77.7,0,0
1220,8.28,91.59,81.18,0,1,1,1,0,1,1,1,0,1,0,0,0,0,1,1,0,46.4,47.9,2,63.6,83.7,0,0
1221,7.89,88.67,85.52,0,2,6,1,1,0,1,1,0,1,0,0,1,0,1,1,0,69.9,58.1,4,89.7,93.9,0,1
1222,5.98,75.04,86.04,0,1,2,1,1,1,0,1,0,0,0,0,0,0,1,0,0,83,88.3,1,76.6,90.4,2,1
1223,8.66,84.78,71.91,1,0,5,1,1,1,1,1,1,0,0,0,0,1,1,0,1,75.4,68,4,90.5,90.3,0,1
1224,8.38,72.8,85.29,0,1,3,0,1,0,0,0,0,1,0,0,0,0,1,1,0,51.3,66.1,4,51.7,83.1,2,0
1225,7.78,81.39,87.48,0,2,2,0,1,1,1,1,1,0,1,0,0,1,1,0,0,96,82.6,3,85.1,76.5,0,1
1226,7.67,100,61.11,0,0,7,1,0,0,0,1,0,1,1,0,0,1,0,0,0,69.3,57,2,53.2,91.1,1,0
1227,7.37,84.46,82.56,1,0,3,0,0,0,0,0,1,0,1,0,0,0,1,1,0,76.9,82.8,6,60.7,85.1,1,0
1228,8.16,88.31,86.44,0,0,2,1,1,1,1,0,1,0,1,0,1,1,0,0,0,75.4,73.1,4,94.2,100,0,0
1229,7.26,81.39,86.66,0,0,2,1,1,1,1,0,0,0,0,0,1,1,1,1,0,59.2,81.3,5,65.4,91.4,1,1
1230,7.68,84.81,80.37,2,1,3,1,1,0,1,0,1,0,0,1,0,0,0,0,0,55,47.1,1,66.5,94.3,0,0
1231,9.03,73.79,72.53,1,3,4,0,0,0,0,0,1,1,0,1,0,0,1,1,1,79,67.8,4,66.2,78.1,1,1
1232,9.01,79.28,65.76,0,0,7,1,0,1,1,0,1,1,0,0,0,0,0,1,0,69,73.9,1,60.4,92.4,1,1
1233,7.91,88.66,75.94,1,2,1,0,1,0,1,0,0,0,0,1,1,1,0,0,0,52.9,74.3,0,53.1,78.8,2,0
1234,6.72,83.91,81.24,0,1,2,0,0,1,1,0,0,1,0,1,0,1,1,0,0,70.2,48.5,3,63.3,100,1,1
1235,5.83,87.68,82.04,0,3,7,1,0,0,0,1,1,0,0,0,0,0,0,0,0,73.7,65.7,4,29.8,94.4,1,1
1236,9.64,90.62,90.44,0,0,0,0,0,1,1,1,0,1,0,0,0,1,1,0,0,75.6,61.6,3,61.8,80.4,2,1
1237,7.87,88.25,96.51,1,2,3,1,0,0,1,0,0,0,0,0,0,0,0,0,0,64.4,80.2,4,60.4,75.5,0,1
1238,7.08,72.14,72.64,0,0,3,0,0,1,0,1,1,1,0,1,1,1,0,0,1,59.1,87.4,3,87.5,74.8,2,0
1239,9.83,88.12,76.61,0,1,0,1,0,0,0,0,0,0,0,0,0,0,1,0,0,98.2,76.4,5,42.3,71.8,3,1
1240,7.31,81.5,87.72,2,1,0,0,1,0,1,0,1,0,1,0,0,0,1,0,0,56.3,71.3,3,51.3,90,3,0
1241,6.42,85.4,71.31,2,2,0,1,1,0,1,1,1,0,0,0,0,1,1,1,1,82.8,58,7,64.8,86.8,3,1
1242,7.19,90.17,70.52,0,0,4,1,1,0,0,0,0,0,0,0,0,0,1,0,0,39.2,67.3,3,60.1,88.9,0,0
1243,7.6,78.48,80.38,0,1,5,1,0,1,0,1,1,0,0,0,0,0,0,0,0,76.2,68.3,4,38,83.3,3,0
1244,8.05,79.54,74.72,1,1,6,0,1,1,0,1,0,0,1,1,1,0,1,0,0,70.3,57.5,1,80.2,79.4,0,0
1245,7.65,92.74,66.71,0,0,6,1,0,1,1,1,1,0,0,1,0,1,0,0,1,78.2,57.9,6,78.2,87.2,1,1
1246,6.86,89.16,76.56,4,3,1,1,0,0,1,0,0,0,1,0,0,1,1,1,0,53.3,78.3,2,65.6,67.2,2,0
1247,6.95,63.17,75.27,4,0,1,0,0,1,0,1,1,0,0,1,0,0,0,0,0,67.8,55.1,2,53.6,79.6,0,0
1248,7.47,89.28,89.81,0,1,5,1,0,1,1,0,1,0,0,0,1,0,1,0,0,71.7,69.2,5,59.1,78.3,1,1
1249,7.53,88.23,78.95,1,3,2,1,1,0,1,0,0,0,0,0,0,1,1,0,0,74.1,72.3,4,58.1,78.6,1,1
1250,6.55,63.75,77.96,3,1,4,1,1,0,0,1,1,0,1,1,1,1,0,1,1,48.7,84.8,6,86.5,83.7,0,0
1251,7.51,82.24,74.2,1,4,5,1,1,0,1,1,0,1,0,0,0,0,1,0,0,85.8,77.7,3,68.8,96.8,1,1
1252,6.62,87.25,78.45,1,0,1,0,0,0,1,0,1,0,0,0,0,0,0,1,0,84.7,68,3,66.4,90.7,0,0
1253,7.02,80.18,69.9,0,1,1,1,0,0,1,0,1,0,0,1,0,0,1,1,1,73.1,75.5,3,68.5,79,0,0
1254,8.51,70.06,83.68,0,0,7,1,1,0,1,0,0,0,1,0,0,0,1,0,0,68.5,83.6,3,61.6,82.5,1,1
1255,7.58,77.79,79.71,0,0,2,1,0,0,0,0,0,1,0,1,0,1,0,0,0,65.9,46.1,4,62.2,88.5,2,1
1256,7.19,85.85,87.08,0,1,1,0,0,0,1,0,1,1,1,0,0,0,0,1,0,92,68.1,3,54.1,80,0,0
1257,6.17,95.08,75.97,2,1,3,1,1,1,0,0,1,0,0,0,0,1,1,1,0,61.9,56.9,3,89,69.4,1,1
1258,8.63,80.02,68.59,0,1,0,0,0,0,1,1,1,0,0,0,1,0,1,1,0,77.3,68.9,3,95.8,83.5,1,1
1259,6.96,100,75.03,2,2,6,1,1,1,1,0,1,0,0,0,1,0,1,0,1,47.3,62.5,1,99.2,78,0,0
1260,7.1,74.28,60.13,0,4,3,1,1,0,1,0,1,1,0,1,0,0,1,0,0,67.3,62.2,0,83.4,82.9,0,0
1261,7.68,74.04,79.76,4,1,3,1,1,0,1,0,0,0,0,1,0,0,1,0,1,59.8,97.6,1,42.8,84.6,3,1
1262,7.68,71.01,97,0,0,1,1,0,0,1,1,1,1,1,0,0,0,1,0,0,51.8,41.8,4,70.5,83.5,1,0
1263,7.59,98.81,77.64,4,1,3,0,0,0,1,0,0,0,0,0,0,0,1,0,1,74.1,78.1,1,63.1,82.4,2,1
1264,7.7,77.27,58.08,1,0,2,0,1,1,0,1,1,0,1,0,0,1,1,1,0,73.8,51.5,1,65.6,91.2,0,0
1265,8.24,89.38,95.94,0,2,7,0,0,0,1,0,1,0,0,0,1,0,1,0,0,57.4,31.1,1,54.4,74,1,1
1266,7.23,78.95,91.19,0,1,1,1,1,0,1,1,0,0,0,0,0,0,1,0,0,60.2,78.1,1,53.2,96.1,2,0
1267,6.15,72.87,75.66,0,3,2,1,0,0,0,1,0,1,0,0,0,0,0,1,0,42.1,57.9,2,58.7,64.6,0,0
1268,7.34,60.8,95.04,0,4,3,1,0,0,1,1,0,1,0,0,0,1,1,0,0,57.5,41.7,5,60.8,76.9,2,1
1269,6.73,86.03,71.92,2,2,0,1,0,0,1,0,0,0,0,0,1,1,1,0,0,83.6,78.1,2,50.7,76.3,1,1
1270,6,72.04,81.23,0,0,4,0,1,0,1,0,1,1,0,0,0,0,1,1,0,82,82.6,2,74.6,85.2,3,1
1271,7.5,83.13,76.6,0,0,1,0,0,0,0,0,1,1,0,0,0,0,1,1,0,77,79.3,3,53.5,89,3,1
1272,6.6,88.15,87.77,0,2,1,1,1,0,1,1,1,0,0,0,0,0,1,0,0,61.2,100,4,44.9,86.5,3,1
1273,7.67,91.24,78.79,2,1,8,1,1,0,1,1,1,1,0,0,1,0,1,1,0,60,70.3,4,60,100,0,0
1274,8.24,90.54,88.59,0,2,0,1,1,0,0,0,1,0,0,0,0,0,1,0,0,91.5,68.7,4,65,96,2,0
1275,8.15,76.74,79.65,2,1,5,0,1,0,0,0,1,0,1,1,0,0,1,0,1,70.8,60.9,0,84.7,77.5,2,0
1276,8.6,85.07,79.14,0,1,0,1,0,1,0,0,1,1,0,0,0,0,1,1,0,69.4,71.5,6,69.8,82,3,1
1277,6.85,89,70.09,0,2,1,1,1,0,1,0,1,0,1,0,0,0,1,0,0,76.5,49.5,3,71.3,74.8,0,1
1278,8.88,77.78,90.55,0,1,0,1,1,1,1,1,0,0,0,0,1,0,1,0,0,70.5,76.9,4,98.6,98.5,0,1
1279,7.3,94.62,99.88,0,2,0,1,1,1,1,1,0,0,1,1,0,0,1,1,0,49.2,62.4,6,49.1,100,1,1
1280,7.63,90.97,68.74,0,2,2,1,1,1,1,1,0,1,0,0,0,0,0,0,0,76.1,67.1,5,62.1,71.2,2,1
1281,6.83,92.98,83.49,0,2,1,1,0,1,1,1,1,1,1,0,0,0,1,0,0,71.2,82.6,3,45.6,94.7,1,0
1282,6.45,96.66,76.4,0,1,3,1,0,1,0,0,1,0,0,0,0,1,0,0,0,51.7,80.4,5,56.4,86.2,0,0
1283,6.93,80.35,91.56,0,1,0,1,0,1,1,1,1,0,1,1,0,1,0,0,0,75.5,61.9,0,82.4,83,2,0
1284,5.98,92.05,74.87,0,1,2,0,1,1,1,0,0,0,1,0,1,0,1,0,0,51.2,82.5,3,90,81.8,0,1
1285,7.94,77.8,76.52,0,0,0,0,0,0,1,0,1,1,0,0,0,0,1,1,0,65.5,46.2,3,66.5,81.4,2,1
1286,7.28,95.73,84.55,1,0,1,1,0,0,1,0,0,1,0,0,0,0,1,0,1,61.8,65.2,2,58.8,88.9,2,0
1287,8.59,89.53,70.21,2,1,6,0,0,1,1,0,0,1,0,0,0,0,1,1,0,66.1,60.6,3,55.5,100,2,0
1288,7.63,83.64,71.67,1,0,6,0,0,0,1,1,1,0,0,0,0,0,1,0,1,67.7,36.8,1,62.4,84,1,0
1289,7.29,70.14,97.11,0,2,1,1,1,1,1,1,1,1,0,0,0,0,1,0,0,99.4,47.2,3,85.2,93.1,3,1
1290,8.32,84.58,98.52,2,4,2,1,0,0,0,0,1,0,0,0,0,0,1,1,0,87.8,81.2,0,72.9,72.1,0,0
1291,6.21,73.67,88.31,0,2,3,1,0,1,1,0,1,1,1,0,0,1,0,1,0,66.7,76.2,7,74.1,81.7,1,1
1292,8.67,85.1,75.04,1,1,2,1,1,1,0,0,1,0,0,0,0,0,1,0,0,33.3,56.5,5,53.7,89.6,0,1
1293,7.08,84.27,86.62,0,1,1,1,0,1,1,1,1,1,0,0,0,1,1,1,1,65.4,62.9,2,82.5,82.5,2,0
1294,7.53,81.48,81.16,1,1,1,1,0,1,0,0,1,0,0,1,0,0,1,1,0,74.1,82.4,4,60.6,63.6,2,0
1295,8.1,87.78,72.97,1,1,4,1,0,0,0,0,1,0,0,0,0,0,1,0,1,78,57.6,1,58.6,84.4,0,1
1296,6.4,95.4,93.96,0,0,0,1,1,1,1,1,0,0,1,0,0,1,1,1,0,72,76.7,3,95.5,92.9,2,0
1297,7.91,82.22,80.61,2,2,1,1,1,1,1,0,1,1,1,0,0,1,0,0,0,54.6,67.8,0,79.8,78.8,2,0
1298,7.25,72.78,79.03,1,1,5,0,0,0,0,0,1,1,0,0,0,0,1,0,0,90.6,70.4,3,61.5,95,0,0
1299,8.54,74.79,71.32,0,0,2,0,0,0,0,1,1,0,0,0,0,0,1,1,0,77.3,27.9,3,69.4,82.4,0,1
1300,8.32,87.37,79.46,4,1,3,0,0,0,0,0,1,0,0,0,0,0,1,0,0,72.8,32.3,1,50.8,69.7,1,0
1301,7.67,75.28,78.72,0,2,0,1,1,1,1,1,1,0,1,1,1,0,1,0,0,65.6,44.1,3,91.2,88.4,0,1
1302,6.51,98.37,72.32,1,1,1,1,0,0,1,0,1,0,1,0,0,0,1,0,0,72.8,80.5,4,84.9,79,3,0
1303,6.93,80.75,65.7,0,1,1,0,1,0,0,0,1,1,0,0,0,0,1,0,0,76.7,60.7,5,48.4,78.5,0,0
1304,8.14,83.59,80.15,0,1,2,1,0,0,1,1,0,0,0,0,0,0,0,0,0,60.2,34.7,2,73.5,86.3,0,0
1305,6.24,93.73,58.47,0,2,3,1,0,0,0,1,1,0,0,0,0,0,0,0,0,89.8,69,6,59.8,98.2,1,1
1306,6.77,82.21,70.6,0,2,0,1,0,0,0,0,1,0,0,0,0,1,1,1,1,77.1,53.7,3,76.1,100,1,0
1307,7.97,83.26,78.42,2,1,2,0,0,0,0,1,1,0,0,0,0,1,1,0,0,80.1,74.4,5,71.6,82.6,0,0
1308,5.5,74.65,70.13,1,3,2,1,0,1,0,1,0,0,1,1,0,1,0,0,0,70.1,91.1,6,86.6,92.4,2,1
1309,8.92,70.88,75.07,0,1,0,1,1,1,1,0,1,1,0,1,1,0,1,0,1,100,66.3,4,95.1,63.8,1,1
1310,6.72,88.46,86.74,4,0,2,1,0,0,1,1,0,1,0,0,0,1,1,1,1,63.9,96.1,1,61.9,79.6,1,1
1311,6.73,84.1,77.23,1,1,3,0,1,1,1,0,0,0,1,0,0,1,1,0,0,71.2,86.1,6,73.6,85.8,2,1
1312,7.49,92.25,89.85,0,1,5,1,1,1,0,1,0,0,0,0,0,1,0,0,0,63.6,58.5,4,40.7,77.7,1,0
1313,7.41,74.46,80.15,0,0,1,0,1,1,1,0,1,0,0,0,1,0,0,1,0,62.6,57.3,6,73.1,73.8,1,0
1314,5.6,94.71,73.82,0,3,1,1,0,1,0,0,1,1,0,0,0,1,1,1,0,100,56.3,4,45.4,95.5,1,0
1315,8.27,81.7,90.35,2,3,2,0,0,1,0,0,1,0,1,1,0,0,0,0,0,58.4,49.2,4,41.6,81.1,1,1
1316,7.59,98.45,100,3,0,3,1,0,0,0,0,1,0,0,1,0,0,1,1,1,65.2,96.7,5,74,85.9,1,0
1317,8.55,86.4,82.37,1,2,2,1,0,1,0,1,1,0,0,0,0,0,1,0,0,85.6,82.1,6,29.9,99,2,1
1318,6.93,81.62,86.92,5,1,0,1,0,1,0,0,0,0,0,0,0,0,0,0,0,45.1,63.4,1,79.1,80.3,0,0
1319,7.86,100,55.47,2,1,0,0,1,0,0,1,1,0,0,0,0,0,0,0,0,66.6,81,3,35.7,100,1,0
1320,5.44,77.74,86.9,2,3,1,1,0,1,1,0,0,0,0,1,0,0,1,0,0,62.2,91,3,79.4,81.3,1,1
1321,8.04,71.57,85.99,0,1,4,1,0,0,0,0,1,0,0,0,0,0,1,0,0,43.8,64.8,4,27.5,99.5,1,0
1322,7.55,90.92,75.71,1,1,1,1,1,1,1,1,1,1,0,1,0,1,0,0,1,69.1,32.5,3,100,100,1,1
1323,7.82,69.04,71.75,1,1,4,0,0,1,1,1,0,1,0,1,0,0,0,0,0,62.1,68.9,1,57.2,94.6,1,0
1324,8.03,84.79,76.49,0,0,6,1,0,1,0,1,1,0,0,0,0,0,0,0,0,88.9,54.8,5,55.5,89.6,1,1
1325,8.09,67.72,76.74,2,1,7,0,0,1,1,0,1,0,0,1,0,0,1,0,0,60.2,74.2,2,57.7,77.3,1,0
1326,7.78,81.13,86.57,4,1,3,0,0,0,0,0,1,0,0,0,0,0,1,0,0,41.6,80.2,3,59.9,76.6,1,0
1327,6.74,91.01,73.4,1,1,3,1,0,1,0,1,1,1,1,0,0,0,1,0,1,93,84.2,2,85.8,73.6,1,1
1328,7.72,89.81,74.35,4,2,5,1,0,1,1,1,1,1,0,0,1,0,1,1,0,56,83.9,1,48.2,96.6,2,0
1329,8.37,87.49,83.61,0,3,2,1,0,1,1,0,0,0,0,0,1,1,1,1,0,82.2,100,3,97.8,91.5,1,1
1330,8.31,82.19,92.93,0,0,6,1,1,0,0,0,0,0,0,0,0,0,1,0,0,89.2,69.8,3,51.1,78.7,0,1
1331,7.12,92.23,73.31,0,2,0,1,0,0,0,1,1,1,1,0,0,0,0,0,0,52.5,53.3,3,55.7,79.1,1,1
1332,8.07,83.06,75.9,2,2,3,0,0,0,0,0,0,0,0,0,0,0,1,0,0,63.4,59,5,40.2,87.2,1,0
1333,7.87,78.05,84.63,0,2,2,1,0,0,0,0,1,0,0,0,0,0,0,0,0,78.3,82.1,3,41.8,77.6,2,1
1334,9.06,80.25,68.43,1,4,1,0,0,1,0,0,0,0,0,1,0,0,1,1,0,97.6,63.3,3,73.5,80.5,2,1
1335,7.78,85.69,97.71,2,0,2,0,0,0,0,1,1,0,1,0,0,0,0,0,1,79.4,42.3,3,58.8,73.2,1,1
1336,8.45,84.78,77.96,0,1,7,1,1,1,1,0,1,0,1,0,0,1,1,1,0,57.2,68.6,7,79.1,88.6,0,1
1337,6.22,93.3,87.04,0,1,1,1,0,0,0,0,0,0,1,0,0,0,0,1,0,55.7,52.1,3,64,78,1,1
1338,6.68,90.08,74.45,0,0,7,1,0,1,1,0,1,0,0,0,0,0,1,0,0,53.9,34.3,4,43.7,72.9,1,1
1339,7.68,89.64,83.14,0,0,1,0,0,0,1,1,1,0,0,1,0,1,0,0,0,77.8,66.7,3,59.4,80,0,0
1340,9.05,84.97,86.78,0,1,0,1,0,1,0,0,1,0,0,0,0,0,0,0,0,63,66.9,3,50.6,85.9,3,1
1341,6.79,82.51,85.3,2,2,4,0,1,0,0,0,1,1,0,1,0,0,1,0,0,89.5,87.7,0,28.1,71.6,2,1
1342,7.51,76.15,86.66,2,0,4,0,0,0,0,0,1,1,1,0,0,0,0,1,0,53.8,73.4,3,37.5,100,0,0
1343,5.95,79.9,84.4,0,1,0,1,1,1,0,0,1,0,1,0,0,1,0,0,0,49.6,67.5,4,54.5,95.6,2,1
1344,6.56,90.54,83.57,1,0,2,1,1,1,0,1,1,1,0,1,0,1,1,0,1,60.7,62.4,0,91,86.5,1,1
1345,7.46,67.75,80.11,0,2,3,1,1,1,1,1,0,0,0,0,0,0,1,0,0,80,53.5,3,45.6,98.5,2,1
1346,9.17,80.66,70.12,0,1,7,0,1,0,0,0,0,0,0,0,0,0,1,0,0,71.3,90.8,0,27.8,81.7,0,1
1347,5.58,85.76,95.05,2,2,5,1,1,1,1,0,1,0,1,1,0,0,1,1,1,83.1,79.4,2,76.9,78.9,1,1
1348,8.39,91.22,75.5,0,0,0,1,0,0,1,1,1,1,1,0,0,1,1,0,1,67.8,56.6,4,91.9,89.9,1,1
1349,7.23,78.16,86.33,0,3,0,0,0,1,0,0,0,1,0,0,0,0,0,0,0,48.4,87.9,7,41,88,1,0
1350,7.84,85.33,93.88,0,0,2,1,1,0,0,0,0,0,0,0,1,1,1,0,0,46.6,78.9,0,67.1,87.2,3,0
1351,8.75,75.99,80.78,2,4,4,1,0,1,0,0,0,1,0,0,0,0,0,0,0,81.5,54.3,3,52,92.3,2,0
1352,8.44,75.85,77.95,2,1,3,1,0,0,1,1,1,1,1,0,0,0,0,0,1,70.8,47.9,3,68.5,76.5,3,0
1353,7.21,79.61,72.48,0,1,0,1,0,0,1,0,1,0,1,0,0,0,1,0,0,83.7,82,0,52.8,77.5,0,0
1354,8.37,93.32,79.47,0,1,6,1,0,1,0,1,1,1,0,1,0,0,1,0,1,66.2,58.2,2,76.6,83,1,1
1355,7.21,90.27,83.34,1,1,1,1,0,0,1,1,1,0,0,0,0,1,1,0,0,63.1,100,3,49.6,76,1,0
1356,6.97,86.62,74.76,0,4,7,1,0,0,0,0,0,0,0,0,0,0,1,1,0,66.7,39,0,41.2,88.6,1,1
1357,7.01,82.5,81.44,2,1,2,0,0,0,1,0,0,0,0,0,0,0,1,1,1,64.8,64.4,1,56.3,72.9,1,0
1358,6.88,87.74,91.8,0,4,6,0,1,0,1,0,1,1,0,0,0,1,1,0,0,88,65.4,5,42.4,95.5,3,1
1359,8.72,89.52,57.54,0,1,1,1,0,1,1,0,0,0,0,0,0,0,1,0,0,58,58.2,2,59.9,98.5,1,0
1360,8.72,100,79.63,0,1,4,1,1,1,0,0,1,0,0,0,0,0,0,0,0,80.3,53.2,2,51,100,1,0
1361,8.15,67.9,81.2,0,0,1,1,1,0,1,1,0,0,1,0,0,0,1,0,0,78.5,48.2,1,99,84.3,1,0
1362,7.79,77.32,94.88,0,1,6,0,1,0,1,0,1,1,1,0,0,1,1,0,0,78,99.8,2,88,100,1,1
1363,8.38,90.04,78.23,0,1,2,1,0,1,1,1,0,0,0,0,0,0,1,0,0,86.8,67.7,3,47.9,68.7,2,1
1364,7.32,82.53,67.02,0,3,1,1,1,1,1,1,1,1,1,0,1,1,1,0,0,81,70.7,6,82.2,93.5,3,1
1365,6.61,88.39,91.45,0,2,4,1,1,0,0,0,1,1,0,0,0,0,0,0,0,83.6,60.6,7,66.6,77.1,1,1
1366,6.19,85.88,62.14,0,4,1,1,0,0,1,0,0,0,1,0,0,0,0,0,1,81.8,32.1,5,46.1,82.6,1,0
1367,6.89,66.66,71.8,0,2,5,1,1,1,0,0,1,1,0,1,0,1,1,1,0,67.4,98.4,2,79.7,84.7,3,1
1368,7.2,91.08,87.91,3,0,6,1,1,0,1,0,1,0,1,1,0,0,1,0,0,95.7,77.4,2,70.1,76.5,0,0
1369,9,76.96,84.61,2,1,5,0,1,0,0,0,0,0,0,0,0,0,1,0,0,58.7,64.3,1,37.6,80.5,2,0
1370,7.08,92.97,94.4,0,3,2,1,0,0,0,0,0,1,0,0,1,1,0,0,0,72,69.6,3,65,98.8,2,1
1371,8.4,78.89,80.58,1,1,2,1,1,1,0,1,1,0,0,1,0,0,1,0,0,77.6,81.4,1,66.4,100,0,1
1372,8.84,67.62,78.01,1,1,5,1,0,1,1,0,1,0,1,1,0,0,1,0,0,63.3,81.7,5,81.6,73,1,1
1373,6.61,81.82,98.09,5,0,2,1,1,1,0,0,1,1,1,0,0,0,1,0,0,75.7,57.6,0,89.1,83.4,1,0
1374,7.33,83.31,60.06,0,2,4,1,1,1,1,0,1,0,0,0,1,1,1,0,0,84.8,63.2,2,38.4,83.2,1,0
1375,8.74,98.74,81,0,1,2,1,0,0,0,0,0,0,0,0,0,0,1,1,0,71.8,59.1,4,46.6,86.4,1,1
1376,6.92,81.88,71.88,0,1,4,0,0,1,1,0,1,0,0,0,0,1,0,0,0,81.8,65.6,4,61.6,100,0,0
1377,7.28,90.3,84.15,0,2,5,1,0,0,0,0,1,0,0,0,0,0,1,0,1,71,69.5,2,77.8,86.4,0,1
1378,8.03,94.27,66.43,2,2,3,1,1,0,0,0,1,0,0,0,0,0,0,1,0,57.5,71.7,3,64,80,3,1
1379,5.3,80.29,70.41,0,4,3,1,1,0,0,0,1,1,0,0,0,0,0,1,0,69.1,82.5,5,69.2,92.3,3,1
1380,7.71,93.32,85.63,0,1,2,0,0,0,1,1,1,0,1,0,0,1,1,1,0,69.4,72.3,3,53.7,83.5,0,0
1381,8.35,82.37,63.62,4,1,1,1,0,1,0,1,0,1,0,0,0,0,0,0,0,52.8,64.9,3,48.7,92.5,3,1
1382,7.67,77.19,85.99,1,0,3,1,1,0,1,0,0,0,0,0,0,1,0,0,0,61.3,77.1,2,49.1,100,1,0
1383,8.76,89.2,73.86,0,0,4,1,0,0,0,0,1,1,0,0,0,0,1,0,0,59.1,86.2,2,54.3,79.1,2,0
1384,7.4,79.56,71.11,2,2,3,1,0,1,1,1,1,1,0,0,1,0,1,0,0,63.7,61.5,2,100,91.7,0,1
1385,7.71,93.19,74.39,0,0,2,1,0,1,1,0,1,0,0,1,0,1,0,0,0,63.4,72.8,2,68.6,82.9,2,0
1386,8.07,97.58,82.99,0,1,2,1,0,0,1,1,1,1,1,0,0,0,0,0,0,97,66.6,0,66.1,90.8,2,1
1387,8.55,78.4,76.47,2,3,0,1,0,0,1,0,0,1,0,0,0,1,1,0,1,72.3,92.5,3,68.8,93.4,1,0
1388,7.66,79.05,65.43,3,1,2,1,0,0,0,1,1,0,1,0,1,0,1,0,1,67.1,62.2,3,52.4,90.7,1,0
1389,6.81,94.82,83.73,1,1,2,1,1,0,1,0,0,1,1,0,0,1,1,0,1,77.6,61,5,96.5,72.2,1,1
1390,8.42,85.69,76.94,0,2,2,1,1,1,0,1,0,1,0,1,0,1,1,0,0,86.1,92.3,1,92.3,93.6,1,1
1391,6.81,80.46,87.6,0,3,1,1,0,1,1,0,1,0,0,0,0,0,1,0,0,83.6,71.5,1,61,65.2,1,0
1392,6.62,78.51,83.46,1,1,5,0,0,1,0,0,1,0,0,1,0,0,0,0,0,82.6,98.6,3,58.8,92.2,3,1
1393,7.63,88.4,76.75,3,1,7,1,0,1,1,0,1,0,0,1,0,1,1,0,0,72,76.6,4,68.6,89.6,1,1
1394,9.07,89.31,81.84,0,2,0,1,1,0,0,0,1,0,0,0,0,0,1,0,0,65.4,65.9,2,44,88.7,1,0
1395,7.16,70.21,82.16,3,1,3,1,1,0,0,1,1,0,0,0,0,0,1,0,0,65,37.3,2,62.6,80.9,1,0
1396,8.29,88.32,85.57,2,1,4,1,0,0,1,1,1,0,0,0,0,0,1,0,1,90.5,89.5,1,67.9,81.6,0,0
1397,6.26,90.21,84.63,0,2,1,0,0,1,1,0,0,0,0,0,0,0,1,0,0,82.6,62.3,2,61.9,95.4,2,0
1398,7.56,81.79,69.57,2,1,7,1,1,0,0,1,1,1,1,0,1,0,1,0,0,86.6,69.3,1,87.6,68.7,2,0
1399,8.12,84.31,81.17,0,2,3,0,1,0,1,0,0,1,1,0,1,1,0,0,0,91.1,44.5,4,69.8,89.4,2,1
1400,6.86,89.76,79.37,0,2,4,1,0,1,1,1,1,0,0,0,0,0,0,0,0,79.4,75.1,0,56,82.4,0,0
1401,8.64,74.74,84.25,0,1,1,0,1,1,1,0,1,1,0,0,0,0,0,0,0,81.6,64.1,2,66.5,94.5,1,1
1402,6.66,75.39,69.89,1,3,4,1,1,0,1,1,1,1,0,0,0,1,1,0,1,73,64.7,1,62.9,100,3,0
1403,7.75,78.1,62.45,1,1,4,1,1,1,0,1,1,1,0,1,1,1,0,1,0,26,79.9,0,79.9,69.6,3,0
1404,6.61,100,84.29,1,1,1,1,1,0,1,0,1,0,0,1,0,1,1,0,0,74.9,50.6,0,62.4,83.6,1,0
1405,7.18,81.33,88.16,4,1,0,1,0,1,1,0,0,0,0,0,0,0,1,0,0,80.3,58.4,2,60.9,87.3,1,0
1406,7.41,90.61,77.97,0,0,2,1,1,1,0,0,1,1,1,0,0,0,1,0,0,82.5,75.5,4,93.8,100,0,1
1407,5.75,92.15,78.86,0,0,3,1,1,1,1,1,1,1,0,0,0,0,1,1,0,87.8,69.7,3,85.7,87.7,1,1
1408,7.77,78.56,79.89,0,2,7,1,0,0,0,1,1,1,0,0,0,0,1,1,0,88.9,74.3,3,65.6,82.8,0,1
1409,6.48,85.36,79.68,0,3,5,1,0,1,0,1,1,0,1,0,1,1,0,0,0,75.8,50.1,2,52.6,69.3,2,0
1410,8.33,79.83,65.62,1,1,1,0,0,0,1,0,0,0,0,1,0,0,0,0,0,46.4,50.7,2,45.8,98.4,1,0
1411,8.65,80.34,71.29,0,3,2,0,1,1,0,0,0,1,1,1,0,0,1,0,0,66.1,53.5,4,56,86,2,1
1412,7.51,91.29,94.52,2,0,5,0,0,0,0,0,0,0,0,0,0,0,0,0,0,50.1,45.2,3,25.5,91.6,2,0
1413,7.02,94.59,77.37,0,0,4,1,1,1,0,1,0,0,0,0,1,1,0,0,0,57,94.5,2,61.8,85,0,0
1414,8.1,92.54,88.45,0,0,6,1,0,0,0,0,0,0,0,0,0,1,1,0,0,70.6,65.4,5,45.2,84.4,3,1
1415,7.44,85.28,69.96,0,1,2,0,0,0,1,1,1,0,0,0,0,0,1,0,1,66.1,56.8,6,94,84.2,1,1
1416,8.45,69.26,82.23,4,4,2,0,1,1,0,0,1,1,1,1,0,1,1,1,0,77.5,45.6,2,86.8,93,0,1
1417,7.66,84.12,65.58,0,0,4,1,1,0,0,0,1,1,0,0,0,1,1,0,1,56.8,61.8,2,76.8,84.5,2,0
1418,8.7,70.6,72.74,0,1,0,1,0,0,0,0,1,1,0,1,1,0,1,0,0,54.7,94.8,4,50,100,2,1
1419,7.11,94.78,88.18,0,1,8,1,1,1,1,1,0,0,0,0,0,0,0,0,0,97.2,69.4,5,31.4,79.1,0,1
1420,6.09,87.26,97.58,0,0,0,0,1,1,0,0,0,1,0,0,0,0,0,0,0,60.1,96.9,0,51.3,76,2,0
1421,6.64,83,67.96,3,0,2,1,0,0,0,1,0,1,1,0,0,0,1,0,0,100,77.1,1,37.3,83.8,0,0
1422,6.78,92.6,82.03,0,2,5,1,1,1,0,0,0,0,1,0,0,1,1,1,0,67.4,73,2,74.2,90.5,3,1
1423,8.17,79.43,88.7,4,3,4,1,0,1,0,0,0,1,0,0,0,1,1,1,0,46.9,53,3,59,90.5,2,1
1424,7.21,94.68,88.78,0,0,1,1,1,0,1,0,1,1,0,0,0,1,0,0,1,74.6,56.1,0,54.4,88.3,2,0
1425,9.07,90.19,86.38,0,3,3,0,0,0,0,0,1,0,0,0,1,0,1,0,1,69.6,62,1,64.4,83,0,1
1426,8.06,98.44,69.22,2,1,0,0,0,1,1,0,0,0,1,1,0,0,0,0,0,64.3,81,3,75.1,81.2,3,1
1427,7.52,80.28,87.63,0,3,0,1,1,1,1,0,1,0,1,0,0,1,1,1,0,66.6,54.9,2,100,67.2,1,1
1428,6.78,79.58,76.57,3,1,3,1,0,1,0,0,0,0,1,0,0,1,1,1,0,59.7,89.5,1,79,91.7,2,1
1429,5.83,83.57,83.78,0,1,1,1,0,1,0,0,1,0,0,1,0,1,0,0,0,67,55.7,3,93.4,88.7,3,1
1430,7.11,87.14,71.66,1,2,4,1,0,0,0,0,0,0,0,0,0,0,1,0,0,88.5,82.7,3,60.2,74.1,0,0
1431,7.28,80.66,80.38,2,0,1,1,0,1,1,0,1,1,1,0,0,1,1,0,0,55.9,93.9,0,86.4,100,1,0
1432,8.24,80.26,72.82,0,0,0,0,1,1,0,0,0,1,0,0,0,1,0,1,0,62,61.5,4,79.1,94.2,2,1
1433,9.31,76.48,71.48,0,2,3,0,0,0,0,1,1,0,1,1,0,1,1,0,1,83.1,93.2,1,50.5,82.1,1,1
1434,6.53,81.29,93.2,0,0,2,1,1,1,0,1,0,0,0,1,0,0,1,1,0,78.1,35,3,72.3,72.3,0,1
1435,8.64,91.99,89.49,1,1,1,1,1,1,0,1,1,0,1,0,1,0,1,1,0,44.4,83,6,72.8,59.8,0,1
1436,7.67,100,72.23,0,2,0,0,0,1,1,0,1,0,0,1,0,0,0,0,0,50.3,84.9,2,63.8,100,2,1
1437,8.11,95.37,81.51,1,1,5,1,0,1,0,0,1,0,0,0,0,1,0,0,0,90.4,58.1,7,31.8,90.5,2,1
1438,6.58,96.72,82.56,0,1,1,1,1,0,1,0,1,1,0,0,0,1,1,0,0,83.9,86.1,4,51,84.9,3,0
1439,6.16,84.32,63.97,4,1,4,1,0,1,1,1,1,0,0,0,0,0,1,0,0,76.4,49.6,2,50.4,89.9,3,0
1440,6.82,81.6,80.02,2,0,3,1,0,1,0,1,1,0,0,1,0,0,1,0,0,52.6,66.2,2,87.9,72.6,2,0
1441,6.46,93.43,67.03,0,2,2,0,1,1,1,1,0,0,1,0,0,0,1,0,0,27.8,57.2,2,71.1,75.3,0,0
1442,7.23,96.7,83.6,1,3,5,0,1,0,0,0,1,0,1,1,0,0,0,0,0,74.5,70.7,2,45,86.5,2,0
1443,6.64,85.36,79.57,0,2,5,0,1,0,0,1,0,0,0,0,0,0,1,0,0,80.6,71.1,3,43.7,84,0,1
1444,7.6,84.01,70.2,3,2,0,1,0,0,1,1,0,0,0,0,0,1,1,0,0,63.6,83.4,5,50.5,95,1,0
1445,8.55,93.77,69.72,0,0,0,0,1,1,0,1,1,1,0,0,0,1,1,1,1,91.8,71.7,5,42.5,80.1,2,0
1446,7.98,75.41,81.04,1,4,1,0,0,1,0,0,0,1,0,0,0,1,1,1,1,52.8,50,5,66.1,84.7,0,1
1447,7.9,80.36,81.41,0,2,4,1,1,0,0,1,1,1,0,0,0,0,1,1,0,85.4,91.7,2,44.9,87.3,1,1
1448,8.46,95.31,81.97,2,0,4,1,1,1,1,0,0,1,1,0,0,1,1,0,1,62.5,78.3,6,88.7,93.7,0,1
1449,7.99,77.34,73.93,2,3,3,1,1,1,0,0,1,0,1,0,0,0,0,0,0,65.5,76.1,2,67.2,85.5,0,0
1450,6.7,76.31,82.29,0,0,1,0,1,1,1,1,0,0,0,0,1,1,1,0,1,76,80.7,4,76.7,91.3,1,1
1451,8.04,79.37,93.39,1,0,1,0,0,1,1,0,1,0,0,1,0,0,1,0,0,60.3,97.9,4,33.3,75.9,1,1
1452,7.95,89.16,73.89,0,0,3,1,0,0,1,0,0,1,1,0,0,0,1,0,0,59.2,91.2,0,86.5,82.3,1,0
1453,8.04,88.73,87.53,1,3,0,1,0,0,1,0,1,0,0,0,1,1,0,0,1,82.1,83,3,60.4,87.2,0,1
1454,6.75,84.96,84.06,2,2,3,0,1,1,0,1,0,0,0,0,0,0,1,0,0,54.7,71.2,2,52.9,86.9,0,0
1455,7.18,81.68,79.29,0,1,6,1,1,0,1,0,0,0,0,0,0,1,0,0,1,61.8,34.1,1,73.3,93.9,1,1
1456,7.4,96.79,86.06,0,0,3,1,1,0,0,0,0,0,0,0,0,0,1,0,0,60.6,74.7,5,27.2,87.7,0,0
1457,7.89,82.28,61.78,1,0,0,1,0,0,0,0,1,0,1,0,0,1,0,1,0,65.8,56,0,36.1,91.3,0,1
1458,6.43,69.33,89.16,3,1,1,1,1,1,1,0,0,1,0,1,0,0,1,0,1,85.7,75.5,2,69.1,73.3,1,0
1459,8.59,78.73,69.9,4,1,4,1,0,0,0,0,1,1,0,0,0,0,1,1,0,73.3,88.5,2,74,62.7,1,0
1460,6.35,75.33,82.1,0,4,2,0,1,0,1,1,0,0,0,0,0,0,0,0,0,69.7,68,1,84.4,100,1,1
1461,8.58,79.42,81.31,0,1,6,1,1,0,0,0,1,0,0,0,0,0,1,1,1,56,53.2,3,72.2,82.2,2,1
1462,6.7,75.17,66.59,3,0,2,1,0,0,0,0,0,1,1,0,0,1,1,0,0,81.8,48,5,37.9,86.3,1,0
1463,8.07,81.46,81.36,0,0,3,0,1,0,0,1,1,1,0,0,1,1,1,0,0,65.3,82,1,51.2,89.8,0,1
1464,7.37,88.04,76.7,1,2,4,0,0,1,0,0,0,0,0,0,1,1,1,1,0,75.5,53,1,67.1,81.5,1,0
1465,6.25,87.41,97.89,0,1,3,0,1,0,1,0,0,0,0,0,0,0,1,0,0,82.2,58.2,6,73,94.8,1,1
1466,8.6,70.65,90.2,3,2,2,0,0,0,0,0,0,1,1,0,0,1,1,0,0,51.6,55.7,5,68.3,100,0,1
1467,8.96,75.6,75.88,0,0,1,0,0,0,0,0,0,1,0,0,0,0,0,0,0,78,68.8,1,29,80.9,0,1
1468,7.17,84.98,80.79,0,0,1,0,1,0,1,0,0,0,1,0,1,0,1,0,1,79,73,3,48,78.4,3,0
1469,6.99,96.11,86.99,2,3,0,1,0,1,1,1,1,1,0,0,0,0,1,0,0,82.5,80.1,3,62.4,83.5,1,1
1470,7.26,69.04,79.43,0,3,1,1,0,0,0,0,1,0,1,1,0,0,0,0,0,84.6,83.8,6,57.4,84.3,0,0
1471,7.86,87.41,87.79,0,1,4,1,0,0,0,0,1,1,0,0,1,1,1,0,0,84.8,82.2,5,56,84.6,2,0
1472,6.61,80.07,75.21,1,1,2,1,1,1,1,0,1,0,0,0,0,1,0,0,0,58.2,60.5,2,52.6,100,0,0
1473,6.64,96.54,86.74,0,1,5,1,0,1,1,0,0,1,1,1,0,1,1,1,0,58,87.5,4,72.1,100,0,1
1474,6.16,84.7,91.23,1,2,3,1,0,1,0,0,1,1,0,0,0,0,1,0,0,80.7,61.8,6,65.4,86.2,1,0
1475,7.63,75.81,69.18,4,1,5,0,0,1,1,0,0,1,0,0,0,0,1,0,0,83.1,68.1,2,48,79.9,1,0
1476,7.82,91.23,76.51,0,1,2,1,0,0,1,0,1,1,0,0,0,0,0,0,0,48.8,60.8,2,83.2,91.4,1,1
1477,8.97,91.1,65.75,0,0,2,0,1,1,1,0,1,1,0,0,0,0,1,0,0,68.5,70,2,72.8,75,2,1
1478,7.25,81.03,79.27,0,4,6,0,0,1,0,1,1,1,0,0,0,1,0,0,0,82.4,65,4,74,92.5,1,1
1479,8.51,86.66,81.8,2,1,3,1,0,0,0,1,1,0,1,1,0,1,0,1,0,80.7,86.3,5,60.3,88.4,1,0
1480,8.59,84.85,77.01,0,1,1,1,0,1,0,0,1,0,1,0,0,0,0,0,0,69.6,64.7,2,56.7,71.2,1,1
1481,7.71,98.07,75.93,0,0,3,1,1,0,0,0,1,0,0,0,0,0,1,0,0,68.2,71.3,1,49,97.9,1,1
1482,6.17,79.92,89.92,2,0,3,1,1,0,1,0,0,0,1,0,0,1,0,1,0,80.9,88.7,1,61.8,86.6,2,0
1483,9.43,81.72,73.31,0,2,2,0,1,1,1,1,1,0,0,0,1,0,0,0,1,100,94.7,1,76,80,2,1
1484,7.33,68.17,80.24,0,0,1,0,0,0,1,0,1,1,0,0,0,0,1,1,1,49.3,90.6,4,57.2,85.6,0,0
1485,6.6,96.28,61.46,3,1,4,1,1,1,1,1,0,0,0,0,0,1,0,0,1,87.6,86.8,1,57.9,77.6,2,1
1486,7.21,96.81,94.01,0,1,3,1,0,1,0,1,1,1,0,0,0,1,1,1,1,92.1,56.9,3,87.3,93.4,2,1
1487,8.23,81.62,97.5,3,3,5,1,1,1,0,0,1,0,0,0,0,0,0,0,0,74,49.1,1,56.8,69.3,3,0
1488,8.34,78.71,74.82,2,0,3,1,1,0,0,0,1,0,1,0,0,0,0,0,1,73,62.4,1,63.2,84.9,0,0
1489,7.75,86.26,67.13,2,1,4,1,0,0,0,0,1,1,0,0,0,0,0,1,0,65,73.2,2,60.5,80,2,1
1490,7.16,82.34,91.43,0,1,8,1,1,1,1,1,0,0,0,0,0,1,1,1,0,79.7,67.2,4,49.4,96.7,0,1
1491,8.82,95.66,84.69,0,2,5,0,1,0,0,0,0,1,0,0,0,1,0,1,0,55,80.5,5,70.1,96.7,1,1
1492,8.68,89.17,80.75,3,2,6,0,1,1,1,1,1,0,1,0,1,0,1,0,0,77.3,55.5,0,64.5,89.3,0,1
1493,7.8,96.42,65.48,0,0,2,1,0,0,1,0,0,0,0,0,1,0,1,1,0,75.6,56.9,2,64.7,77.8,1,0
1494,6.45,84.82,82.23,5,0,1,1,0,0,0,0,0,0,0,0,0,0,1,0,0,79.2,57.9,5,20.1,75.4,1,0
1495,7.36,94.48,69.46,4,2,0,0,0,1,1,0,0,0,0,0,0,0,0,1,0,65,59.8,2,42.2,58.2,2,0
1496,8.48,87.06,58.92,3,0,5,1,0,0,0,0,1,1,1,1,1,0,1,1,1,72.7,72.9,2,82,87.7,1,0
1497,8.56,84.41,81.89,0,1,5,1,1,1,1,0,1,1,0,0,0,0,0,0,0,63.6,71.4,1,78.6,95,1,1
1498,6.3,94.46,84.99,3,0,4,1,0,0,0,0,1,0,1,1,1,1,0,1,0,92.4,66.3,4,67.2,70.4,0,0
1499,7.89,78.93,76.76,0,0,2,1,0,0,1,0,1,1,0,0,0,0,1,0,0,67.1,73.3,5,51.6,86.5,2,0
1500,6.74,78.59,74.85,0,0,3,0,1,1,0,1,1,0,1,1,1,0,1,1,1,65.4,50.3,2,87.9,92.3,2,0
1501,8.91,72.77,84.05,2,1,8,0,0,0,0,0,0,1,0,1,0,1,1,0,1,87.1,94.1,4,64.4,96.9,0,1
1502,8.11,69,84.7,4,0,1,1,0,0,1,0,0,0,0,0,0,0,0,0,0,83.5,52.7,3,49.7,80.1,2,0
1503,6.52,88.36,64.1,0,0,3,1,1,1,0,1,1,1,0,0,0,0,1,1,0,48.7,38.7,2,85.9,88.3,1,1
1504,6.57,92.9,76.37,1,1,2,0,0,0,1,1,1,0,0,0,0,0,0,0,0,100,62.6,4,30,83.5,1,0
1505,7.66,68.48,77.48,3,2,0,0,0,0,1,0,1,1,1,0,0,0,1,0,0,53.7,95.9,4,46.3,80.8,0,0
1506,8.73,83.63,84.05,1,1,2,0,0,1,0,0,1,1,0,1,0,1,1,1,1,78.1,66.9,5,77.2,79.7,2,0
1507,6,83.73,82.55,0,1,0,1,1,0,1,0,0,0,0,1,0,1,1,0,0,91.5,62.1,0,92,100,0,1
1508,8.67,83.36,81.93,0,0,2,1,1,0,1,0,1,0,1,1,0,1,1,1,0,68.5,72.7,5,88.1,84.1,3,1
1509,8.73,95.33,89.19,1,0,5,1,0,1,1,1,0,0,0,1,0,0,1,0,1,68.6,48,4,56,100,2,0
1510,7.22,81.23,74.2,0,1,3,1,1,0,1,1,1,0,0,0,0,1,1,1,1,83,63.5,3,78.2,78.4,1,1
1511,7.1,84.69,84.55,5,1,1,0,0,1,1,0,1,0,1,0,0,0,1,0,0,81.1,62.6,1,25.8,78.5,2,0
1512,8.32,87.25,79.37,5,2,7,0,0,0,0,0,0,1,1,0,0,1,1,0,0,79.7,75.6,4,71.8,77.8,1,0
1513,8.49,84.58,100,0,0,5,1,1,0,0,0,0,0,0,0,0,0,0,0,0,97.9,74.7,3,55.7,84.3,0,0
1514,8.7,79.28,72.25,5,3,0,0,0,0,1,1,1,1,0,0,0,0,1,0,0,79.1,75.2,5,60.9,85.9,1,1
1515,7.48,74.53,75.51,0,4,4,1,0,1,1,0,1,1,0,0,1,0,1,0,0,66.1,68.5,2,78.6,92.7,1,1
1516,7.36,78.27,74.25,3,2,1,0,0,1,1,0,0,1,0,1,0,0,1,0,0,91.3,64.5,0,51.1,75.3,1,0
1517,7.19,83.84,68.4,0,2,7,1,0,1,1,1,0,0,0,0,1,0,0,1,0,77.4,62.4,5,75.1,84.3,1,1
1518,8.36,70.62,74.77,0,1,3,1,1,0,0,1,1,1,0,0,1,0,1,0,0,81.6,50.6,3,99.5,77.3,3,1
1519,7.35,86.09,83.38,0,1,2,1,1,1,1,1,1,0,0,0,0,1,1,1,0,59.1,100,7,66.9,95.5,2,1
1520,7.07,78.69,77.83,2,3,4,1,0,0,0,1,0,1,1,0,0,0,1,1,0,71.7,87.7,4,98.5,81.1,1,1
1521,4.88,91.14,68.5,0,0,4,1,1,1,0,0,1,0,0,0,0,1,0,0,0,49.3,71.6,3,72.1,87.6,1,1
1522,8.81,76.42,91.28,1,2,1,1,0,1,1,1,1,0,0,0,0,1,0,1,1,77.1,76.5,7,72.7,84.2,1,1
1523,6.89,84.57,89.71,0,2,1,0,0,1,0,1,0,0,1,0,1,1,1,0,0,70.3,63.7,2,70.9,79.7,1,1
1524,7.51,90.94,65.27,0,0,2,0,1,0,0,1,1,0,1,0,0,0,0,0,0,76.8,75.2,0,31.6,100,1,0
1525,6.67,90.43,77.36,1,0,2,1,1,0,1,1,1,0,1,0,0,0,1,1,0,80.1,65.6,3,88.9,82.2,1,0
1526,7.83,83.75,93.59,2,2,1,0,0,0,1,1,0,0,0,1,0,1,1,0,0,69.1,75.8,0,85.6,58.3,1,1
1527,7.1,81.02,68.76,1,0,5,0,1,0,0,1,0,0,0,0,1,0,1,1,0,59.8,45.2,4,51.4,85.9,0,0
1528,9.26,84.62,90.65,0,1,5,1,0,1,1,1,1,1,0,0,0,0,0,0,0,94.7,75.7,3,54.7,89.6,2,1
1529,8.17,82.84,67.43,2,1,5,1,1,0,0,1,0,0,1,0,1,0,1,0,0,66,69,2,65.8,100,3,1
1530,7.05,88.26,70.73,0,3,2,1,0,1,1,0,1,1,0,1,1,1,1,0,0,97.3,74.3,0,58.9,100,0,1
1531,4.77,83.15,78.31,0,1,0,1,0,1,0,0,0,0,0,1,0,1,1,0,1,100,69.8,5,91.5,90.8,1,0
1532,8.02,87.74,91.73,0,0,0,1,1,0,1,0,1,0,0,0,0,0,1,0,0,61.4,87.8,2,63.6,79,1,1
1533,7,76.64,64.34,1,0,1,1,0,1,0,0,1,1,0,0,0,0,0,0,0,49.3,74.8,0,65.6,85,1,0
1534,8.15,93.9,69.94,0,2,3,1,0,0,1,1,1,0,0,0,0,0,0,1,0,61.4,79.5,1,55.1,92.4,0,1
1535,7.03,81.65,81.81,3,1,2,0,1,0,0,0,1,0,0,0,0,1,1,0,0,54.8,71.8,4,41.4,94.3,1,1
1536,7.44,66.2,83.03,0,3,2,1,1,1,1,1,1,1,0,1,0,1,0,0,1,57.9,63,4,72.4,89.1,3,1
1537,7.57,79.23,80.27,0,2,2,1,1,1,0,1,0,0,1,0,0,0,1,0,0,96.8,78,2,52.1,83.4,0,0
1538,6.88,83.57,82.28,2,3,0,0,0,0,1,1,0,0,0,1,0,0,1,0,0,73.6,58.8,2,45.1,73.2,2,0
1539,6.75,93.16,79.09,0,0,1,0,0,0,0,0,0,0,0,0,0,1,0,0,0,70.3,45.8,2,69.7,81.6,2,1
1540,8.02,72.39,72.58,0,1,2,1,1,0,0,1,1,0,0,0,0,0,1,0,1,63.1,69.2,3,50,74.2,0,0
1541,8.89,77.66,96.23,0,4,0,1,1,0,0,0,1,0,0,0,0,1,1,0,0,62.7,73.6,2,38.9,87.4,0,1
1542,7.57,91.11,100,2,0,1,0,0,1,0,0,1,1,0,0,0,0,1,0,0,56.7,77.2,2,57.7,100,0,0
1543,7.47,88.11,75.33,0,0,3,0,0,0,0,1,0,0,0,0,0,0,1,1,1,51.1,76.9,1,80.2,79.2,0,0
1544,8.68,78.29,77.64,0,2,2,1,0,0,0,0,0,1,0,0,0,1,0,0,0,81.3,47.4,7,63.2,64,3,1
1545,8.94,71.57,78.91,0,1,6,1,0,0,1,1,1,0,1,1,0,0,0,0,1,66.6,73.2,5,68.9,79.6,1,1
1546,6.56,87.64,79.9,0,3,3,1,1,1,1,0,1,1,1,0,0,1,1,1,0,71.3,67.9,4,87.7,89,2,1
1547,7.22,82.37,86.48,2,1,1,1,1,1,0,1,0,0,1,0,1,0,1,0,1,83.6,74.7,5,67.9,91.4,2,1
1548,7.09,88.02,77.04,0,3,7,1,0,1,0,1,0,0,0,0,0,0,0,0,1,58.5,62.3,4,51.3,91.5,3,0
1549,7.89,90.75,71.91,0,2,3,1,0,0,1,0,0,0,0,0,0,0,0,0,0,81.2,45.6,5,45,74.6,3,0
1550,8.9,89.3,73.79,2,0,4,1,0,1,1,0,1,0,0,0,0,0,1,1,0,71.1,75.7,0,63.6,84.2,0,0
1551,9.23,80.26,90.19,0,3,3,0,1,0,1,1,1,1,0,0,0,1,1,1,0,83.5,82.4,4,84.3,89.1,2,1
1552,8.67,75.3,67.53,1,1,2,1,0,0,0,0,0,0,0,0,0,0,1,0,0,69,72.6,5,58.3,84.9,1,0
1553,7.99,78.87,59.97,1,1,0,0,0,0,1,0,0,1,1,0,0,0,1,0,0,67.1,66.6,5,57.9,94,2,0
1554,8.23,93.41,68.55,0,2,2,0,0,0,0,0,1,0,1,1,1,0,1,1,0,62.3,70.9,2,85,91.4,2,1
1555,8.42,80.21,76.1,1,2,4,1,1,0,1,1,1,0,1,1,0,0,0,0,1,60.2,62.1,6,56.5,100,2,1
1556,6.8,89.15,82.04,1,2,1,1,0,0,0,1,1,0,1,0,0,0,1,0,0,84.6,77.3,1,77.3,84.3,1,0
1557,8.24,91.9,65.62,3,4,4,1,0,1,0,0,0,0,0,0,0,0,0,0,0,80.6,57.1,2,21.3,74.2,0,1
1558,6.67,90.8,81.87,0,1,1,0,0,0,1,0,1,0,0,0,0,0,0,0,0,67.2,64.2,1,22.4,84.6,2,0
1559,8.03,90.27,87.01,2,0,4,1,1,0,0,0,0,0,1,1,0,1,1,0,0,71.5,60,3,61.5,87.7,1,0
1560,8.7,77.8,73.74,2,0,6,1,1,0,0,0,1,1,1,1,0,1,1,1,0,67.7,71.6,0,97.1,83.6,1,0
1561,8.04,88.94,91.01,0,1,2,0,0,1,1,1,1,1,0,1,1,1,1,0,0,60.2,47.8,6,61.9,96.6,0,1
1562,7.78,82.3,82.07,0,4,0,0,0,1,1,0,0,0,0,0,0,1,1,0,0,49.8,41.1,4,53.7,91.1,1,1
1563,7.46,66.68,65.51,0,3,1,1,0,0,1,0,0,0,1,1,1,0,0,0,1,56.8,52.2,1,59.8,87.3,1,1
1564,7.29,82.93,71.72,0,0,5,0,0,0,0,1,1,1,0,0,0,1,1,1,0,83.1,56.6,3,64.8,94.5,2,1
1565,6.62,80.6,79.67,0,1,0,0,0,1,1,1,0,0,0,0,1,1,1,1,1,42.2,68.5,5,74.9,71.3,0,1
1566,6.81,89.23,70.36,0,3,0,1,1,0,0,1,1,1,1,0,0,1,1,0,1,85.2,58.2,3,69.9,97,3,1
1567,6.82,90.09,86.05,0,0,3,0,0,0,1,1,1,0,1,0,0,1,1,1,0,69,62.6,5,85.9,82.2,0,1
1568,6.51,80.52,84.8,0,0,3,1,0,1,0,0,1,1,1,1,0,0,1,0,1,46.8,89.3,1,70.7,81.9,1,1
1569,7.74,90.9,69.13,0,1,4,1,0,1,0,0,1,0,1,1,0,0,0,0,0,85.9,55.4,5,100,77.6,1,1
1570,6.12,96.46,80.68,3,0,3,1,1,1,1,0,1,0,1,0,0,1,1,0,0,73.4,71.3,4,72.2,89.4,3,0
1571,6.21,83.91,84.6,1,2,2,0,1,0,0,1,0,0,0,0,0,0,1,0,1,65,82,4,47.6,83.7,2,1
1572,8.86,87.06,81.45,1,2,5,1,1,1,1,1,0,1,1,1,1,1,1,0,0,69.2,66.3,4,57.8,99.5,1,1
1573,7.62,84.79,73.28,0,1,6,0,1,0,0,1,0,0,0,0,0,0,1,1,0,65.4,37.6,4,73.9,90.8,2,1
1574,6.25,79.81,78.34,0,0,5,1,0,0,1,0,1,0,0,0,1,1,1,0,0,51.3,47.6,4,53.8,89.5,3,1
1575,7.31,83.8,84.84,0,1,6,1,0,1,1,1,1,1,1,1,0,0,1,0,0,68.7,86.9,7,82.9,91.2,3,1
1576,9.28,77.63,81.31,2,3,8,0,1,0,0,0,1,1,0,0,0,0,0,0,1,100,70.8,2,39.2,81.1,3,1
1577,8.06,98.54,82.91,0,2,4,0,0,1,0,1,0,1,0,1,0,0,1,0,1,75.2,72.7,2,76.6,96.7,1,1
1578,7.68,67.73,71.21,1,1,0,1,0,1,1,0,1,1,0,0,1,1,1,1,1,65.2,62.2,6,95.3,93.8,0,1
1579,7.7,80.21,95.39,2,0,5,1,0,1,1,0,0,0,0,1,1,0,1,0,0,78.2,76.4,6,78.1,86.5,1,0
1580,7.95,75.36,70.87,2,3,1,1,0,1,0,1,1,0,0,0,1,1,1,0,0,67.5,68.2,2,70.1,79.6,1,1
1581,6.24,76.71,87.29,1,0,0,0,1,0,0,0,0,0,1,0,0,0,1,0,0,59.1,86.7,4,70.2,83.3,1,0
1582,6.58,85.36,81.22,0,4,3,1,0,1,1,0,1,1,0,0,0,0,1,0,0,61.1,43.6,7,67.2,83,0,1
1583,5.91,80.33,76.44,0,0,3,1,0,1,1,0,1,1,1,0,0,1,1,0,0,71.5,76.7,3,65.8,90.8,2,0
1584,6.17,66.16,73.52,0,3,1,1,1,0,1,0,1,0,1,1,0,0,1,1,0,80.1,99.8,4,82.4,79.4,1,1
1585,6.4,91.04,85.58,0,2,4,1,0,1,1,0,1,0,0,0,0,0,0,0,1,58.6,80.2,4,42.1,94.2,2,1
1586,7.97,76.97,68.47,1,0,2,0,1,1,1,0,0,0,0,1,0,0,0,0,0,49.6,43.8,3,50.1,84.4,0,0
1587,6.67,68.88,72.92,0,1,4,1,1,1,0,0,1,1,0,0,0,0,0,0,0,72.7,73.6,3,58.8,90.8,0,1
1588,7.96,79.42,81.5,1,2,2,1,1,1,0,0,1,0,0,1,0,0,1,0,0,88.7,54.5,4,77.6,96.1,0,1
1589,7.48,75.46,76.74,4,2,3,1,1,0,0,0,0,0,0,0,0,1,1,1,0,63.5,72.3,5,72.5,83.6,3,1
1590,8.13,87.68,80.06,1,1,4,1,1,1,1,1,0,0,0,0,1,1,1,0,0,64.8,91.4,5,83.5,79.3,2,1
1591,6.89,100,89.91,5,1,3,1,0,1,1,0,1,0,0,0,0,0,1,0,0,76.5,92.5,2,39.3,86,1,0
1592,7.78,75.59,71.7,0,1,5,1,1,0,1,0,0,0,1,1,0,1,1,0,0,63.1,68.5,0,84,84.8,1,1
1593,8.48,74.1,85.9,0,2,2,1,0,0,0,0,0,1,1,0,0,0,1,0,0,58.7,52.7,3,69.5,92.1,1,1
1594,6.97,100,71.29,2,0,5,0,1,0,1,1,0,0,1,0,0,0,1,0,0,97.8,80.8,4,61.4,95.3,3,1
1595,7.49,82.82,82.38,0,1,2,0,0,0,1,1,0,0,0,1,0,0,0,0,0,87.5,70.6,4,32.9,80.3,1,0
1596,8.32,84.3,81.17,2,0,5,1,0,0,0,0,0,0,0,1,0,1,1,0,1,87.1,43.9,1,73,71.5,2,0
1597,7.65,92.96,81.82,3,1,2,0,1,1,1,1,1,0,0,0,0,0,0,0,0,56,86.8,4,80.6,96.8,0,0
1598,7.3,82.13,96.7,2,2,6,0,1,0,0,0,1,0,1,0,1,0,0,1,0,68.8,63.4,7,76,88.4,1,1
1599,7.28,85.26,73.15,0,1,0,0,0,1,0,0,1,0,0,0,0,0,0,0,0,52.4,85.8,3,47.8,86.1,1,1
1600,7.64,84.55,75.1,0,1,1,0,1,1,0,0,0,1,0,0,0,1,1,1,1,51,88.6,3,91.9,92.4,2,0
1601,7.52,92.09,100,0,0,1,1,1,0,0,0,1,1,0,0,0,1,1,0,0,68.7,72.8,3,72.8,85.5,0,1
1602,7.62,86.9,79.87,0,1,7,0,0,0,0,1,1,1,0,0,0,1,1,1,0,76.5,55.6,5,47.5,79.8,2,1
1603,6.72,98.08,81.05,0,0,0,0,1,0,0,1,0,0,0,0,0,0,0,0,0,80.8,80.9,5,24.5,81.9,2,0
1604,7.97,91.43,65.79,1,1,1,1,0,1,0,1,0,0,1,0,0,1,1,0,0,72.3,67.2,5,71.7,86.8,1,1
1605,6.81,82.14,73.06,0,2,0,0,0,1,0,0,1,1,0,0,0,0,1,1,0,73.8,60,5,73.3,100,2,1
1606,6.6,75.54,76.3,2,1,5,0,0,1,0,0,0,1,1,0,0,0,1,0,0,86.3,70.2,5,42.2,84.8,1,0
1607,6.77,84.44,87.75,0,0,0,1,0,0,0,1,1,0,0,1,0,0,1,0,0,64.3,82.6,3,67.7,77.4,1,0
1608,6.1,92.04,66.45,0,1,4,1,0,1,0,0,1,1,0,1,0,0,1,0,0,61.3,55.6,6,100,88.6,1,1
1609,8.18,87.06,89.07,0,2,6,0,0,0,1,0,0,0,1,0,0,1,1,0,1,69,89.4,4,61.4,86.1,1,1
1610,7.11,77,91.5,2,0,3,0,0,0,0,0,1,0,0,0,1,1,1,0,0,77.9,58.3,2,97.1,81.6,2,0
1611,8.5,96.24,88.04,0,1,6,0,0,0,0,1,1,1,1,1,1,0,1,1,0,61.9,100,5,78.8,100,1,1
1612,6.89,78.73,85.4,0,1,0,1,0,0,0,0,1,1,0,0,0,0,0,0,1,56.7,57.4,2,66.4,77.3,2,0
1613,7.68,76.25,77.2,2,0,3,1,0,1,1,0,1,1,0,0,0,0,1,0,1,89.4,60.8,6,87.2,70.9,3,0
1614,7.56,77.46,70.5,0,1,0,1,1,0,0,1,0,0,0,0,0,0,1,0,1,52.9,74.6,5,71.5,78.5,1,0
1615,5.89,81.82,55.43,2,0,2,0,1,1,1,1,1,0,1,0,0,1,0,0,0,61.7,78.8,3,71.8,64.9,3,0
1616,9.35,93.19,81.53,1,2,2,1,1,0,0,0,1,0,0,0,0,0,1,0,1,62.8,62.7,3,73.3,86.8,1,0
1617,7.58,85.8,92.35,0,2,3,0,1,0,1,1,1,1,0,0,0,1,1,0,0,83.5,89.4,1,80.6,78.7,0,0
1618,8.14,91.29,71.34,0,1,1,1,1,0,1,0,0,0,0,0,1,1,1,1,0,86.1,80,2,74.4,88.9,1,1
1619,6.97,88.23,79.79,0,0,2,0,0,1,0,1,0,0,0,0,0,0,1,0,1,80.6,78.8,2,79.8,93.5,2,0
1620,7.42,69.05,79.35,0,1,1,0,0,0,1,0,0,0,1,0,0,0,1,0,0,79.8,61.7,2,22.2,76.1,0,1
1621,7.58,63.81,75.54,1,1,4,1,1,1,1,0,1,0,0,1,0,1,1,0,0,61,65.6,5,63.2,91.5,1,1
1622,7.13,79.67,74.27,0,1,2,1,0,1,1,0,0,0,1,0,0,0,1,0,0,85.4,90.2,0,52.6,86.6,2,1
1623,5.15,61.82,98.63,1,0,1,1,0,0,1,0,1,0,1,0,1,0,1,0,0,80.4,69.1,6,64.4,91.7,1,0
1624,9.35,94.45,90.38,0,1,4,0,1,1,0,0,0,1,0,0,0,0,0,0,0,84.4,94.7,6,65.4,82.2,2,1
1625,7.17,93.28,79.83,0,1,4,1,1,1,0,0,0,0,0,1,0,0,0,0,0,70.4,70.4,6,61.3,76.8,0,0
1626,8.81,82.34,81.17,0,1,0,0,0,1,0,0,0,1,1,0,0,1,1,0,0,57.7,85.6,4,44.2,82.8,0,1
1627,6.34,80.88,80.05,0,1,2,1,0,1,0,0,1,0,0,1,1,0,0,0,0,100,60.9,0,50.6,84.6,1,1
1628,8.31,86.59,79.81,0,2,2,1,1,1,1,0,0,1,0,0,0,1,1,0,0,69.3,77.2,3,88.8,100,0,1
1629,6.69,83.85,87.8,0,1,3,1,1,0,0,1,1,0,0,1,0,1,1,0,0,73.2,53.6,3,71.3,77.2,3,0
1630,7.66,82.61,88.96,0,0,6,1,0,0,0,0,1,1,0,0,0,0,1,0,1,61,74.4,2,67.7,91.6,2,1
1631,6.91,69.48,82.82,0,0,3,1,1,0,0,0,1,1,0,0,0,0,1,0,0,95.7,57.7,6,43.9,73.4,1,1
1632,6.38,75.57,76.93,1,3,2,0,1,0,1,1,1,0,0,1,1,0,0,0,0,57.2,60.2,0,59.3,84.4,0,0
1633,6.68,79.86,92.62,2,0,1,0,0,1,1,0,1,0,0,1,1,1,1,0,1,77.4,63.6,7,74.6,92.6,1,0
1634,8.86,78.19,99.35,0,2,7,0,0,1,0,1,1,0,1,1,0,0,1,0,0,59.6,61.5,6,49.3,76,2,1
1635,8,89.96,69.95,0,0,1,0,1,1,1,0,1,1,1,0,0,0,0,1,0,67.3,43.1,2,53.8,88.1,1,1
1636,8.4,80.61,73.36,0,4,3,0,1,1,1,0,1,1,1,0,0,1,0,0,1,38.8,76.2,4,85.5,100,0,1
1637,8.94,83.49,64.5,0,1,3,1,1,0,0,0,1,0,0,0,0,0,1,0,0,61.9,65.8,1,54,93.1,1,0
1638,8.19,83.64,68.13,1,1,1,1,1,1,0,1,0,1,0,0,0,1,0,1,1,72.6,83.9,0,78,67.6,2,1
1639,7.22,100,85.75,0,2,2,0,0,1,0,0,1,1,0,0,0,1,0,0,1,82,63.6,7,74.4,88.9,2,1
1640,7.9,82.58,62.4,0,2,5,1,0,1,0,0,1,0,1,0,0,0,1,0,0,66.8,65.8,2,44.7,76.7,1,0
1641,9.04,87.67,86.95,0,0,3,0,0,0,0,0,0,0,0,0,0,1,1,0,0,77.3,52.7,4,57.9,91.4,3,1
1642,8,89.81,83.14,0,3,1,0,0,0,0,0,0,0,0,0,0,0,1,0,0,67.4,96,0,33.6,82.6,2,0
1643,7.21,88.65,98.01,3,3,4,1,1,0,1,0,0,0,1,0,0,0,1,0,1,59.3,77.7,5,63.5,78.7,2,1
1644,8.16,86.2,65.74,0,2,1,0,1,1,1,1,1,0,0,1,0,0,1,1,0,73.7,70.1,3,75.7,97.8,0,1
1645,6.82,83.06,75.96,1,1,1,1,1,0,1,1,1,0,0,0,0,0,0,0,0,77.8,53.7,3,52.5,82,3,1
1646,9.09,81.94,54.66,0,1,2,1,1,0,1,1,1,0,1,0,0,0,0,0,1,66.8,57.7,4,70.9,83.2,2,0
1647,5.86,89.42,89.98,1,2,2,1,1,1,0,0,1,1,0,0,0,1,1,0,0,60.6,54.2,7,76,90,0,0
1648,8.81,75.02,73.46,1,1,4,0,0,0,0,1,1,0,0,0,0,1,1,1,0,97.3,51.4,4,54.6,78.1,2,0
1649,8.58,76.52,92.87,1,0,2,0,0,1,1,0,0,1,1,0,0,1,1,0,0,69.5,67.8,4,69.4,87.4,0,0
1650,8.37,73.81,81.23,0,0,1,0,1,1,1,0,1,0,0,1,0,0,0,0,0,98,71.7,0,57.3,76.9,0,1
1651,6.86,98.43,69.23,2,0,2,1,0,1,1,1,0,0,1,0,0,1,0,0,0,87.5,65.8,0,86.8,95.1,2,1
1652,7.9,78.88,69.78,0,3,2,1,1,1,0,1,1,0,0,1,0,0,1,1,0,70.4,57.4,4,97,89.5,1,1
1653,8.18,90.63,65.31,0,2,2,1,0,0,0,1,1,0,0,0,0,0,1,0,0,57.2,54.3,2,52.7,87.8,3,0
1654,7.65,79.29,80.12,0,0,0,1,1,0,1,0,0,0,0,0,0,1,0,0,0,66,86.4,4,50.8,74.5,0,0
1655,8.7,65.94,85.74,2,2,4,0,1,1,1,0,1,1,0,1,0,0,0,0,1,63.8,82.7,1,65.3,82.1,2,1
1656,7.97,83.91,85.09,1,4,3,1,1,1,1,1,1,0,0,1,0,0,1,1,0,82.1,90.4,1,94.7,80.6,1,1
1657,7.27,90.47,71.38,0,0,2,0,0,1,0,1,1,0,0,0,0,0,0,0,0,74.1,87.7,1,30.6,79.2,0,0
1658,6.3,78.72,91,0,1,6,0,0,0,0,0,0,0,0,0,0,0,1,0,0,76.3,100,3,35.9,85.6,1,1
1659,7.61,87.1,72.87,0,2,4,1,1,1,1,1,0,0,0,0,0,1,1,1,1,63.4,37.9,3,92.6,79.4,3,0
1660,8.06,81.67,74.01,0,2,0,0,0,1,0,0,0,0,0,0,0,0,0,0,0,62.7,19.2,2,29.3,79.7,1,0
1661,9.4,97.61,87.6,3,0,2,0,0,0,0,0,1,1,1,0,1,0,1,0,1,54.1,50.5,1,86.8,90.6,2,0
1662,6.88,88.61,88.45,1,0,1,0,0,1,1,0,1,1,0,1,0,1,1,0,1,62.3,68.8,2,86.7,96,3,1
1663,8.19,87.72,68.3,0,1,6,1,0,0,1,1,0,0,1,1,0,0,0,1,0,56,83.6,2,89.5,89.7,1,1
1664,7.19,100,83.37,2,2,2,1,0,1,0,1,1,0,0,0,0,0,0,0,0,87.9,78.5,2,64.3,88.3,0,1
1665,5.32,100,87.33,5,0,2,0,0,0,1,0,0,1,1,1,0,1,1,0,0,84.3,85.2,7,62.4,95.5,1,0
1666,5.4,77.48,76.39,0,2,2,1,1,1,0,0,1,0,0,0,0,1,1,0,1,55.5,71.7,5,86.8,92.7,3,0
1667,7.37,82.98,78.34,0,1,6,1,0,1,1,1,0,0,1,0,1,1,1,0,1,44.9,75,3,68.3,91,0,1
1668,6.86,89.47,73.39,1,2,0,0,0,0,1,0,0,0,0,0,0,0,0,0,0,59.3,75.6,2,31.5,76.9,1,0
1669,7.93,88.08,82.89,1,1,4,0,1,0,0,0,0,0,0,0,0,0,1,0,0,76.2,85.6,4,69,84.7,3,1
1670,7.35,83.23,72.21,0,0,1,1,0,0,0,0,1,0,0,1,0,0,0,1,0,68.2,70.5,1,81.6,84.9,2,0
1671,8.4,86.72,84.1,1,1,5,0,1,0,1,0,1,1,0,0,0,0,1,0,1,88.4,52.8,1,44.9,83.7,0,1
1672,7.05,82.05,66.82,2,2,2,1,0,1,0,0,0,1,0,0,0,0,1,1,0,43.5,75.9,4,58.5,95.2,1,0
1673,8.04,82.17,65.27,1,1,5,0,1,1,1,1,1,1,0,0,1,0,1,0,0,56.6,78.7,3,100,84.2,2,1
1674,7.95,86.2,79.49,1,0,2,1,0,0,1,0,1,0,0,0,0,0,0,0,0,69.5,53.6,6,70.2,80.5,2,1
1675,7.83,81.08,68.48,0,1,1,1,1,0,1,0,1,1,0,0,1,1,1,0,0,67,51.6,4,100,72.1,0,1
1676,7.37,83.74,80.58,2,0,1,1,1,1,1,0,1,0,0,1,1,0,1,0,1,63.5,53.2,2,87.3,93.5,0,0
1677,7.31,85.54,88.05,3,0,3,1,0,0,0,0,1,0,0,0,0,1,0,0,0,93.8,100,1,44.5,96.8,0,0
1678,7.14,73.5,64.75,0,0,7,0,1,1,0,0,0,0,0,1,1,1,1,0,1,69.9,65,6,68.5,77.4,1,1
1679,6.39,64.15,69.8,1,0,5,0,1,0,0,0,1,0,1,1,0,1,1,0,1,78.4,71.3,6,65.7,99.3,0,0
1680,5.97,92.33,63.83,0,0,8,0,0,0,0,0,1,0,0,0,0,0,0,0,0,70.2,66.6,4,21.5,81.9,3,0
1681,8.18,75.89,72.84,1,1,3,1,0,0,0,0,0,0,1,0,0,0,1,0,0,61.7,72.9,2,39.4,98.3,1,1
1682,6.66,78.98,76.84,1,1,3,1,1,1,0,0,0,1,0,1,0,0,1,0,0,78.8,59.9,1,75.7,80.6,3,0
1683,8.2,89.06,85.06,1,2,8,1,0,0,1,0,0,1,1,0,0,1,1,0,0,69.4,71.8,3,46.8,90.2,3,1
1684,6.34,89.88,70.15,3,1,3,1,0,1,0,0,1,0,0,0,0,0,1,0,0,62.8,100,1,49.9,85.2,3,0
1685,8.07,93.96,84.2,0,0,2,1,1,1,0,0,1,1,0,0,0,0,0,0,0,62.4,47,5,29.7,81.4,1,0
1686,7.6,90.36,79.02,0,4,3,1,1,0,0,0,0,0,0,0,1,0,1,1,0,80.6,79.9,4,82.3,80.2,3,1
1687,8.35,91.04,71.91,1,3,3,1,1,1,1,0,1,0,0,0,0,0,1,1,0,58.9,69.3,5,56.2,77,1,1
1688,8.27,85.55,100,1,1,5,1,0,1,0,0,0,1,1,1,0,0,0,0,0,78.7,58.9,4,75.7,86.4,0,1
1689,7.27,87.64,86.25,1,4,0,1,1,0,1,0,0,0,0,0,0,0,0,1,0,85.1,70,4,37.4,74.7,3,0
1690,7.87,60.51,68.18,3,2,0,1,1,0,1,0,0,0,1,1,0,0,1,0,1,80,33.5,3,77.1,65.3,1,0
1691,7.65,70.7,74.63,3,3,3,1,0,0,1,0,1,0,0,1,0,0,1,0,0,70.5,83.3,5,47.4,90.1,1,1
1692,7.08,79.51,76.47,3,1,1,1,1,1,1,1,1,1,1,1,0,0,1,0,1,50,64.4,2,92.3,71.5,1,0
1693,8.33,77.19,78.19,4,1,0,1,1,0,1,1,0,0,1,0,0,1,1,0,0,57.9,43.1,1,49,81.5,0,0
1694,9.13,76.48,77.87,1,1,2,0,0,0,1,0,1,0,0,0,1,1,1,0,0,71.9,41.1,0,68.1,74.1,2,0
1695,6.49,89.19,93.15,0,2,1,0,1,1,1,0,1,1,0,0,1,1,0,1,0,83.4,65,2,79.1,85.9,2,1
1696,7.41,84.15,78.67,3,1,4,1,1,1,1,0,0,0,0,1,0,0,0,0,0,87,58.2,0,50.5,94.2,1,0
1697,8.03,82.28,74.6,0,2,3,1,0,0,1,0,0,1,1,1,1,1,0,0,0,56.2,77.7,1,97.7,84.3,0,1
1698,9.15,87.38,77.76,1,1,0,0,1,0,1,0,0,0,0,0,0,1,1,1,0,67.7,84.3,0,64.2,92.5,1,1
1699,8.69,63.34,81.93,1,1,1,0,0,0,0,0,1,0,0,1,0,0,0,0,0,62.7,96.3,2,60.2,82.1,2,1
1700,7.42,92.73,94.96,0,0,1,0,0,1,1,0,1,1,0,0,0,0,0,1,0,81.5,33.8,5,72,96.7,2,1
1701,6.5,79.12,78.5,0,2,1,0,1,0,0,0,1,0,0,0,0,0,1,0,0,68.7,52.4,4,55.7,84.1,0,0
1702,6.7,82.24,64.18,0,1,1,1,1,1,1,1,1,0,0,0,0,1,1,0,0,86.2,73,4,77.9,87.8,3,1
1703,8.09,86.85,80.94,0,4,2,1,0,1,0,0,0,1,0,0,0,1,0,0,0,36.4,74.7,1,54,86,1,1
1704,8.45,71.92,82.07,0,0,3,0,0,1,0,0,1,0,0,0,0,0,1,0,1,68.2,100,3,51.6,78,0,1
1705,7.18,88.85,91.67,0,0,8,1,1,1,0,0,1,0,1,1,0,1,1,0,1,76.9,65,5,100,83.3,2,1
1706,7.01,90.23,84.19,0,0,3,0,0,0,1,1,1,1,1,0,0,1,1,0,0,72.6,71.2,2,65.5,85.4,0,0
1707,7.6,77.35,92.2,0,2,0,1,1,1,1,1,1,1,0,0,0,1,1,0,0,76.6,91.3,2,92.5,95.7,2,1
1708,6.94,86.35,82.94,0,2,6,1,1,1,1,1,0,0,0,0,1,0,1,1,0,67.1,50.9,2,59.8,80.4,2,0
1709,6.91,81.75,86.33,0,0,3,1,0,0,1,0,1,0,0,1,0,0,1,1,1,75,68.8,6,74.8,99.3,2,1
1710,8.73,64.78,72.99,0,1,3,1,0,0,0,1,1,0,1,0,0,1,1,0,1,91.6,90.2,6,93.3,80.4,1,1
1711,8.34,85.68,91.91,2,0,1,1,0,1,0,1,1,0,0,0,0,0,1,0,1,83.1,67.7,1,71.6,89.6,2,1
1712,7.42,82.37,68.68,1,0,2,0,1,0,1,1,1,1,1,1,0,0,0,0,1,68.2,49.9,4,95.8,83,1,1
1713,6.46,86.87,98.12,0,2,0,1,1,0,0,1,0,1,1,0,0,1,1,0,0,71,46.9,4,61.1,82.3,3,0
1714,5.88,97.98,75.23,3,2,2,0,1,1,0,1,1,1,1,0,0,0,1,1,0,80.4,61.7,3,79.9,81.4,2,1
1715,8.73,71.02,80.41,2,0,0,1,0,0,0,0,0,0,0,0,0,1,0,1,0,82.1,46.3,3,49.6,85.5,0,0
1716,6.99,100,97.14,1,1,2,0,0,0,0,0,1,0,1,0,0,1,1,0,0,61,57.2,3,61.1,84.9,2,0
1717,7,92.15,74.64,0,2,3,1,0,0,1,1,1,0,1,1,0,0,1,0,0,72.1,73.8,6,63.7,100,2,1
1718,6.26,77.54,92.29,0,3,8,0,1,1,1,0,0,0,0,0,0,1,1,0,1,65.8,70,0,47.6,83.2,2,1
1719,7,74.85,93.28,2,2,7,1,0,1,0,1,0,0,0,1,0,1,1,0,0,88.4,57.6,0,66.5,76.3,1,0
1720,7.99,80.85,90.44,1,1,1,0,1,0,0,1,1,1,0,0,0,1,0,0,0,70.3,46.7,0,69.7,89,1,0
1721,8.02,89.48,74.67,0,2,2,1,1,0,1,0,0,0,0,0,1,1,1,1,0,56.9,42.6,3,84.9,81.5,2,0
1722,6.88,91.03,72.34,2,0,1,1,0,0,1,0,0,0,0,0,0,0,1,0,0,78.9,60.7,6,42.6,74,2,0
1723,8.22,84.88,75.85,1,1,5,1,1,0,1,1,0,0,1,0,0,0,1,0,0,60.8,62.4,2,54.7,73.8,2,0
1724,9.01,95.73,85.7,2,1,5,0,1,1,1,0,1,1,1,0,0,1,1,1,0,70.7,87.3,2,73.5,74.4,1,1
1725,7.36,75.44,69.29,5,3,3,1,1,1,0,0,1,0,0,0,0,0,1,0,0,88.5,45.6,0,55.4,88.4,0,0
1726,7.63,90.26,86.02,0,1,0,0,1,0,0,0,1,0,0,0,0,1,0,0,0,85.1,49.4,2,72,81.2,2,0
1727,7.98,76.9,64.83,2,3,3,1,1,1,0,1,1,0,0,0,1,0,1,1,1,57.1,53.3,3,100,95.1,2,1
1728,8.11,75.35,87.41,2,4,3,1,1,1,1,0,1,1,1,0,1,1,0,0,1,90.5,54.5,4,90.8,85.2,0,1
1729,7.26,83.31,74.35,2,0,2,1,0,1,0,1,1,0,0,1,0,1,1,0,0,68.6,75.2,5,90.8,100,0,0
1730,6.09,90.13,75.69,0,1,2,1,1,1,0,0,0,0,0,0,0,0,1,0,0,77.1,73.5,4,45.2,59.9,2,0
1731,7.04,70.83,79.77,1,1,4,1,1,0,0,1,0,1,0,0,0,1,0,0,0,61.5,67.6,0,58.3,72.8,1,0
1732,8.77,80.25,94.97,0,0,0,1,0,0,1,1,1,0,1,1,0,0,1,0,0,72.8,95.3,0,90.7,77.2,2,0
1733,7.48,78.54,69.68,0,1,2,1,0,0,1,0,1,1,0,0,0,0,0,0,0,57.4,91.8,5,62.8,94,2,0
1734,7.92,92.38,80.1,3,2,2,1,0,0,0,0,1,0,0,0,0,0,0,0,0,34,63.5,1,44.2,64.5,3,0
1735,6.6,91.13,76.75,0,0,0,0,1,1,1,0,0,0,0,0,0,0,1,0,0,77.4,56.8,1,40.9,74.2,1,0
1736,6.88,75.79,79.02,1,1,0,0,1,0,1,0,1,0,0,0,0,0,1,0,0,79.9,70.6,2,36.2,94.3,1,0
1737,8.64,72.38,72.74,1,3,1,0,0,0,0,0,1,0,0,0,0,0,1,0,1,87.9,62,2,67.6,85.3,1,1
1738,7.1,91.72,72.74,5,1,7,1,0,0,1,0,1,0,0,0,0,0,0,0,0,50.1,57,3,18.8,91.8,3,0
1739,5.32,69.93,84.57,1,1,6,1,1,1,1,0,1,1,0,0,0,1,1,1,0,95,62.1,5,65.4,73.7,3,0
1740,7.97,78.62,72.98,0,2,1,0,0,0,1,0,0,0,0,1,0,0,1,0,0,83.5,88.3,5,37.2,88.6,1,1
1741,7.41,76.35,76.8,1,1,1,1,0,0,0,1,0,1,0,0,0,0,0,0,0,46.1,53.4,6,61.4,67.8,1,0
1742,7.93,95.82,74.92,0,0,1,1,0,0,0,1,1,0,0,1,1,0,0,0,0,80,79.4,3,61.3,90.7,0,1
1743,9.23,82.55,80.32,0,3,1,1,0,1,0,1,0,1,0,0,0,0,1,0,1,80,59.3,2,72.5,83.3,0,0
1744,7.52,71.74,77.57,0,2,5,1,1,0,0,0,1,0,0,0,0,0,1,0,0,86.3,56.7,6,76.3,87.3,3,1
1745,6.49,82.19,88.31,0,2,4,1,1,1,1,0,0,0,0,0,0,1,0,1,1,75,100,0,97.7,95.7,3,1
1746,7.78,85.09,69.87,2,0,7,0,0,0,1,0,0,1,0,0,0,1,0,0,0,77.9,73.9,3,61.1,73.8,3,0
1747,7.03,99.75,84.97,0,2,1,1,0,0,0,1,1,0,0,1,1,1,1,0,0,83,46.1,3,62.3,74.4,2,0
1748,8.65,76.4,66.27,2,2,2,1,0,1,1,1,1,0,1,0,1,0,1,0,0,54.6,73.5,3,80.5,86.2,1,0
1749,7.97,84.27,76.21,0,1,3,1,0,1,1,1,1,1,0,0,0,1,1,0,1,69.2,66.6,7,100,72.2,0,1
1750,8.17,74.17,79.11,3,2,1,0,0,0,0,0,1,1,0,0,1,0,1,0,0,67,62.3,6,55.4,78.8,1,0
1751,7.64,78.48,81.2,0,0,3,1,0,1,1,1,1,0,1,0,0,1,1,0,0,63.9,82.1,6,100,87.5,2,0
1752,8.12,77.35,97.85,1,0,7,1,0,1,0,0,1,0,0,0,0,1,1,0,0,54.7,58.9,3,69.1,77.8,2,0
1753,7.87,80.18,62.34,0,3,3,1,0,0,1,0,1,1,1,0,1,1,1,1,0,67.4,74.5,1,83.7,87.2,1,1
1754,9.84,74.96,75.33,3,2,4,0,0,1,1,0,0,1,1,0,0,0,0,0,1,65.6,83.8,1,66.1,89.7,2,0
1755,6.75,74.9,87.32,4,0,3,1,0,0,0,1,0,1,1,0,0,0,1,0,0,63.5,60.9,3,62.4,75.4,0,0
1756,7.6,75.45,76.87,0,0,3,0,0,1,0,1,0,0,0,0,0,0,1,0,1,57.2,100,7,59.4,83.1,0,0
1757,8.52,78.6,72.08,1,0,6,1,1,1,0,1,1,1,0,0,0,0,1,0,0,76.6,75,4,71,94.8,2,0
1758,7.55,83.4,89.4,5,1,3,0,1,1,1,0,0,0,0,0,0,0,0,0,0,63,78.7,4,53.9,86.3,1,0
1759,6.45,94.28,89.88,0,0,3,0,1,0,0,0,0,0,1,0,0,1,1,1,0,60.9,65.9,3,53,85.4,2,0
1760,5.77,89.25,68.37,0,1,3,0,0,1,1,0,0,1,0,0,0,1,0,1,0,84.2,35.8,4,43.4,76.3,2,0
1761,8.4,84.06,78.4,0,2,1,1,0,0,1,0,1,0,1,0,0,0,0,0,0,86.5,54.8,4,70.9,88,2,1
1762,7.61,75.68,74.49,0,1,1,0,0,0,0,0,1,0,0,0,0,0,1,0,1,60.5,70.6,4,47.5,90.4,1,1
1763,9.21,88.6,77.45,0,3,4,0,0,1,1,0,0,0,0,0,0,0,1,0,1,89.3,56,1,82,82.2,1,1
1764,7.77,84.76,83.49,0,0,0,1,0,0,0,0,1,0,1,0,0,0,0,0,0,66.7,72.2,2,40.1,100,0,0
1765,7.36,81.73,85.52,0,3,4,1,1,0,1,1,1,0,1,1,1,0,1,0,1,72.6,53.9,4,78.2,80.3,0,1
1766,8.47,86.51,70,0,3,0,1,0,0,0,0,1,0,0,0,0,0,0,0,0,70.7,44.1,5,55.1,81.9,1,1
1767,7.91,78.89,76.66,0,2,1,1,1,0,1,1,1,0,1,1,0,1,0,0,0,95.6,41.8,3,83.6,81.9,0,1
1768,7.67,89.09,82.32,0,0,3,0,1,0,0,0,0,0,0,0,0,0,0,0,1,74.7,88.4,4,42.4,73.3,1,0
1769,7.46,96.74,72.67,3,1,0,1,1,1,0,0,1,1,0,0,0,0,0,0,0,65.7,60.2,0,83.5,79.2,0,0
1770,7.21,87.77,80.73,0,1,1,1,0,0,1,0,1,0,1,0,0,1,1,1,0,70.9,70.5,7,65.6,88.6,0,0
1771,7.87,81.12,60.05,1,1,6,1,0,1,0,0,1,1,1,1,1,0,1,1,0,57.7,82.8,1,99.9,90.6,1,1
1772,8.37,84.34,88.17,0,4,6,0,1,1,0,0,1,0,1,0,1,1,1,0,0,81.2,38.2,2,78.2,81.5,0,1
1773,7.97,79.83,92.59,0,2,0,0,0,0,1,0,1,0,1,1,1,1,1,0,0,57,65.9,5,69.5,91.4,1,1
1774,7.57,79.16,73.24,0,0,5,0,1,0,1,0,0,0,0,0,0,0,0,0,0,62,68.2,4,61.8,90.6,3,1
1775,7.22,73.28,80.88,0,4,7,1,0,0,0,0,0,1,1,0,0,0,1,0,0,94.4,45.1,4,60.9,90.9,1,1
1776,8.4,83.28,76.38,0,0,2,1,0,0,0,1,0,1,1,1,0,0,1,0,1,97.6,50.3,0,87.6,80.4,1,0
1777,6.51,70.43,67.02,0,1,1,0,0,0,1,0,1,1,0,0,0,0,1,0,0,74.4,56.1,4,59.5,95.9,2,0
1778,8.22,84.23,82.43,0,0,2,1,1,1,1,0,0,0,1,0,0,0,1,1,0,81.5,87.6,1,94.4,85.1,2,1
1779,8.41,87.23,88.1,1,3,2,0,1,1,1,0,1,1,0,1,0,0,0,0,0,53.8,65.1,4,69.4,71.8,2,1
1780,6.79,83.41,71.2,0,3,2,1,0,0,1,0,1,0,0,1,0,0,1,0,1,74.8,69.3,2,76,94.3,2,1
1781,8.17,89.71,97.25,2,1,1,0,0,0,1,0,1,0,0,0,0,0,0,0,1,75.2,69.3,6,68.8,92.1,3,1
1782,8.24,86.43,74.28,4,0,1,1,0,0,1,1,1,0,1,0,1,1,1,0,0,90.8,59.4,3,96,78.3,2,0
1783,8.65,83.92,78.03,2,2,6,1,0,0,1,1,1,0,0,0,0,1,1,1,0,61.2,82,3,100,80.9,0,1
1784,9.9,99,81.13,1,4,7,1,0,0,0,0,1,0,1,0,0,0,1,0,0,71.1,80.7,4,42.6,79.5,1,1
1785,7.44,78.56,71.78,3,1,2,0,0,1,0,0,0,1,0,0,0,1,0,0,0,86.4,65.3,2,36.8,100,1,0
1786,7.73,90.86,61.85,0,2,2,1,0,1,1,0,1,0,0,0,1,1,1,1,0,39.5,64.8,6,100,87.8,0,0
1787,6.86,100,82.8,0,1,5,0,0,1,0,0,0,1,0,0,0,1,1,0,0,85.7,62.9,6,61.6,90.7,0,1
1788,5.86,74.23,67.98,0,0,3,1,0,0,1,0,0,0,0,0,0,0,1,0,0,71.2,76.1,6,30.8,75.6,1,0
1789,8.99,77.32,94.28,0,0,6,1,1,0,1,0,1,1,0,0,0,1,0,0,0,40.5,63.8,2,36.8,100,2,1
1790,7.22,91.21,67.2,3,2,1,1,0,1,1,0,1,1,1,1,0,0,1,0,0,57.9,79.3,1,51.3,67.3,1,0
1791,9.83,77.54,76.28,1,0,3,0,0,1,0,1,1,0,1,0,0,0,0,0,0,76.1,61.3,2,49.4,92.6,1,1
1792,7.69,87.49,91.17,2,0,6,1,1,0,1,1,0,0,0,1,1,0,1,0,0,82.8,52.6,0,92.7,87.9,3,1
1793,7.34,100,87.77,3,0,8,1,0,1,0,0,0,0,0,0,0,1,1,0,0,76.8,58.1,4,78,86.1,2,0
1794,7.91,80.85,88.07,0,2,2,1,0,1,1,0,1,0,0,0,0,0,0,1,0,72,92.8,2,65.8,79,2,1
1795,9.23,81.03,80.02,3,1,4,0,0,1,0,0,1,1,0,0,0,1,1,0,0,64.6,71.9,7,72.2,81.4,3,0
1796,7.06,86.4,70.42,5,1,3,0,0,0,1,0,1,1,0,0,0,0,0,1,0,73,33.9,4,67.3,83.4,0,0
1797,6.07,88.44,70.4,0,1,1,1,0,1,0,0,1,1,0,0,0,1,1,0,1,90.4,70,3,61.1,85,0,0
1798,7.67,91.51,85.59,0,3,3,1,1,1,1,1,1,1,0,0,0,1,0,0,0,90.8,78.9,1,92.9,100,3,1
1799,6.74,78.78,75.21,1,1,5,0,1,0,0,0,0,0,0,0,0,1,0,0,0,81.6,97.5,4,35.2,79.5,2,1
1800,7.75,92.05,74.9,0,1,4,0,1,0,0,0,0,0,0,0,0,0,0,0,0,92.5,66.1,1,48,93.6,1,1
1801,7.79,81.66,75.93,3,2,5,1,0,0,0,0,0,0,0,0,0,0,1,1,0,90.6,59.3,1,37.8,96.8,0,0
1802,8.64,91.49,90.98,0,1,7,1,0,0,1,0,1,1,0,0,0,0,1,0,0,79.6,54.8,3,91.2,91.5,2,1
1803,5.77,94.91,80.06,1,1,2,1,0,0,0,0,1,1,1,0,0,0,1,0,0,53.8,49.3,5,62.3,85.4,2,1
1804,9.17,61.95,92.8,0,2,3,1,0,0,0,0,1,0,1,0,0,0,0,0,0,45.9,81.6,4,48.7,89.4,1,0
1805,6.85,84.14,66.95,1,3,1,1,1,0,1,1,1,0,0,0,0,1,0,0,0,67.5,76.3,4,65.5,70.7,1,0
1806,6.97,87.17,73.45,0,1,1,1,0,0,0,0,1,1,0,1,0,0,1,0,0,96.6,61.9,0,51.4,81.8,2,0
1807,7.95,85.61,79.41,2,1,2,1,0,0,0,1,0,0,0,0,0,1,1,0,0,74.9,76,2,34.3,89.5,3,0
1808,8.16,82.57,81.82,1,4,4,1,0,1,0,0,0,1,1,0,0,1,1,0,0,82.3,37.7,2,28.2,81.4,2,1
1809,7.99,80.11,89.3,0,1,1,1,0,1,0,1,1,0,0,1,0,0,1,0,0,62,46.4,3,57.4,78.3,1,0
1810,7.62,84.68,83.4,5,2,4,0,0,0,1,1,1,0,0,0,0,0,1,0,0,72.7,23.1,7,71.1,89,2,0
1811,7.47,76,90.92,0,0,1,0,0,0,0,0,1,1,0,0,0,1,0,0,1,71.1,89,4,57.9,79.5,2,0
1812,7.58,90.8,63.21,0,2,2,1,0,0,1,0,0,1,0,0,0,1,0,0,0,57.3,80.4,1,63.9,85.3,2,1
1813,6.71,71.02,67.1,1,0,1,1,0,0,0,0,0,1,0,0,0,0,0,1,0,47.4,86.4,4,57.2,87.2,2,0
1814,6.4,89.56,83.28,0,0,1,0,0,0,1,0,0,0,0,0,0,1,0,0,0,56.5,84.4,2,67.1,76,1,0
1815,8.52,88.26,91.9,0,2,0,1,0,1,0,1,1,0,1,0,0,0,1,0,0,71.9,70.9,4,83.4,93.5,0,1
1816,5.95,76.14,76.13,1,1,7,0,0,1,1,1,1,1,0,0,0,0,1,0,0,62.5,81.6,6,94.8,97.3,0,0
1817,7.75,81.67,82.05,0,1,3,0,0,1,1,0,1,0,0,0,0,0,1,0,1,55,50.4,2,33.7,92.6,3,1
1818,8.72,87.4,84.12,0,1,3,0,0,0,1,0,0,0,0,0,1,1,0,1,1,61.1,86.2,5,67.5,95.5,0,1
1819,7.16,81.58,72.87,0,1,1,1,0,1,1,0,1,0,0,0,0,0,1,1,0,50.8,63.4,2,79.4,77.8,2,0
1820,6.96,86.98,71.84,0,2,4,1,0,1,0,0,0,1,0,0,0,0,0,0,0,57.5,93.8,4,51.8,78.5,1,0
1821,4.79,84.85,81.69,0,0,2,1,1,1,1,0,1,0,1,1,0,1,0,1,0,49.1,43.6,6,79,100,2,0
1822,9.11,83.97,100,2,1,3,1,1,1,1,0,1,0,1,0,0,1,1,0,0,77.2,39.2,5,62.5,86.3,2,1
1823,5.54,90.79,72.55,0,2,5,1,1,1,0,0,0,1,0,0,0,0,0,0,0,60.2,64.1,4,45.2,99.8,1,0
1824,8.24,86.14,75.58,0,0,7,1,0,1,1,0,0,0,0,1,0,0,1,0,0,64.9,30.7,3,72,91.1,2,1
1825,8.51,84.2,90.68,0,3,1,0,0,0,0,0,1,0,0,0,0,0,0,0,0,85,54.8,5,55.9,75.8,1,1
1826,6.13,98.11,76.75,0,1,5,0,1,1,1,0,1,1,0,0,1,0,1,0,0,59.7,82.2,0,63.7,81.6,0,0
1827,8.33,83.84,88.34,1,1,1,1,0,0,1,0,1,0,1,0,0,0,1,1,1,72.2,56.6,3,53.4,81,0,0
1828,5.41,83.79,74.6,0,2,2,1,0,0,0,1,1,0,0,0,1,0,1,1,0,94.4,73.8,5,47.6,94.1,3,1
1829,6.71,83.22,71.09,0,0,1,0,0,1,0,0,1,1,1,0,0,0,1,0,0,75,64.6,3,71.1,80.3,1,0
1830,7.42,75.57,79.02,2,0,3,0,1,1,1,1,1,1,0,0,0,0,1,0,0,81.6,69.4,5,64.5,90.4,0,1
1831,7.33,82.92,78.71,3,1,1,1,1,0,1,1,0,0,0,0,0,0,1,0,0,68.6,76,4,88.5,95,2,1
1832,8.23,100,80.95,3,2,5,1,0,0,0,0,1,1,0,1,1,0,0,0,1,60.7,72.3,1,42.4,79.3,0,0
1833,8.69,81.91,80.55,5,0,3,0,0,1,0,0,0,0,0,1,0,0,1,0,0,82.6,53.9,1,49.3,90.2,2,0
1834,6.87,91.08,66.23,0,0,2,1,1,0,0,1,1,1,1,0,0,0,1,0,0,71.8,100,3,88.8,69.4,1,0
1835,7.08,82.94,73.39,2,0,3,1,0,0,0,1,1,0,1,0,1,0,0,0,0,71.9,70,1,66.7,86.1,1,0
1836,5.23,87.93,75.86,0,3,0,0,0,1,0,0,1,1,1,0,1,0,1,0,0,86.7,99.5,7,48.9,89.1,2,0
1837,6.86,65.71,84.01,2,1,5,1,0,0,1,1,1,0,0,0,0,0,0,0,0,79.8,54,0,60.8,80.3,1,1
1838,7.41,94.74,87.87,0,0,7,1,0,0,1,1,0,0,0,0,0,0,0,0,0,83,67.2,4,28.8,91.6,1,1
1839,6.67,69.48,73.02,1,0,1,0,1,0,0,0,1,0,0,0,0,0,0,0,0,56.8,46.2,2,63.2,86.4,0,0
1840,8.05,74.94,65.84,0,1,8,1,0,0,1,0,1,1,0,0,0,0,0,1,0,67.1,72.2,5,78.6,85.6,0,1
1841,9.49,100,70.36,0,3,2,0,1,1,1,0,1,1,1,0,0,1,1,0,1,78.8,67.9,3,64.8,91.9,2,1
1842,7.02,97.52,72.47,0,3,1,0,0,1,1,1,1,0,0,0,0,0,1,0,0,67.6,65.9,3,89.4,87.6,3,1
1843,7.93,71.27,82.35,0,0,2,0,0,1,0,0,0,1,0,0,0,0,1,0,0,36,78.4,7,44.7,83.7,0,0
1844,8.41,86.73,65.85,0,2,2,1,0,0,1,0,0,0,0,0,0,1,0,0,0,75.4,50,5,15.7,85.9,1,1
1845,7.04,96.29,79.59,1,3,1,1,0,0,1,0,1,1,0,0,0,0,1,0,0,59.9,52.8,6,69,83.5,0,0
1846,6.52,87.93,84.54,0,1,2,0,0,0,0,0,0,0,0,0,0,0,1,0,0,45.5,63.5,0,43.9,82.2,0,0
1847,7.19,93.21,82.64,0,0,0,1,1,1,1,1,0,1,1,0,0,1,0,0,1,84.4,44,2,81.8,85.1,1,1
1848,6.48,89.98,71,0,1,4,1,0,0,1,1,1,1,0,0,0,1,0,0,0,80.9,77,2,74.2,96.9,1,0
1849,8.67,71.67,71.87,1,1,0,1,0,0,0,0,1,0,0,0,0,0,1,0,0,77.1,77.1,2,48.7,96,2,0
1850,6.85,83.09,74.51,0,1,1,0,1,0,0,1,1,1,0,0,0,0,1,0,0,87.4,60.2,4,59.5,84.5,0,1
1851,6.98,90.84,92,0,0,2,1,1,0,0,1,0,0,1,0,0,0,1,0,0,65.4,80,1,82.4,79,0,1
1852,6,94.74,77.45,1,1,1,1,0,0,0,1,1,1,1,0,0,0,1,0,0,85.5,62.9,2,94.3,96.6,1,1
1853,6.78,85.43,68.35,1,2,0,0,0,1,1,1,1,0,1,0,1,0,1,0,0,47.6,58,2,47.7,91.7,1,0
1854,7.2,83.13,93.13,1,3,6,0,0,0,1,0,0,0,0,0,0,0,1,0,1,66.5,51.8,5,30.2,87.4,3,1
1855,8.1,69.43,82.62,1,1,8,0,1,1,0,0,1,0,1,0,0,0,1,0,0,68,80.4,3,54.8,92.3,1,0
1856,8.08,73.83,76.94,0,3,8,1,1,0,0,1,0,0,1,0,0,1,1,0,0,100,72.5,3,48,100,1,1
1857,8.34,88.88,80.42,0,0,3,1,0,0,0,0,0,0,0,0,0,0,1,0,0,71.3,38.4,0,45.2,82.8,0,1
1858,6.85,84.57,76.58,1,2,3,1,1,0,1,0,1,0,1,0,1,1,1,0,1,63.9,66.5,4,69.3,86.5,3,1
1859,7.11,77.46,89.84,1,0,2,0,0,0,1,1,0,0,1,0,0,0,0,0,1,88.5,78.8,4,39.7,83.3,0,0
1860,7.97,83.68,71.06,0,1,7,1,0,1,0,1,1,0,0,0,0,1,1,1,1,50.4,96.8,3,82.7,78.5,2,1
1861,8.82,95.11,95.4,3,0,2,1,1,1,0,1,1,0,0,0,0,1,0,0,0,70.5,62.3,4,60.3,71.4,0,0
1862,7.65,85.84,80.71,0,1,2,1,0,0,1,1,0,0,1,0,0,1,1,0,0,72.6,93.8,3,75.7,88.1,1,1
1863,8.02,99.02,73.08,0,4,4,1,1,0,1,0,1,0,0,1,0,0,1,1,0,67.9,73.1,3,71.9,80.8,2,1
1864,6.37,83.67,91.05,0,0,1,1,0,0,1,0,0,0,0,0,0,0,1,0,0,63.4,88.4,2,57.2,95.1,1,1
1865,6.7,83.14,83.88,3,2,0,1,0,1,1,0,0,1,0,0,1,1,1,1,0,67,51,6,84.8,89.3,2,1
1866,6.39,82.79,73.57,0,1,3,1,0,0,0,0,1,0,0,0,0,0,1,0,0,45.6,69.1,0,37.4,73,2,0
1867,7.75,84.02,79.66,0,2,2,1,0,1,1,0,0,1,1,0,0,0,1,0,0,74.7,77.6,4,48.7,85.6,0,1
1868,6.46,90.08,71.03,2,2,3,0,0,0,1,0,1,0,0,0,0,0,1,1,1,48.4,61,4,59.2,79.5,0,0
1869,7.86,88.36,66.55,0,2,1,1,1,0,1,0,0,1,1,0,0,0,1,1,1,55.5,79.3,4,78,89.3,2,0
1870,9.38,65.69,87.06,1,3,8,1,1,1,1,1,1,1,0,0,1,1,0,0,0,82.2,45.5,6,74.9,91.4,2,1
1871,7.01,91.47,74.5,0,1,3,1,0,0,0,0,1,1,1,0,0,1,1,0,1,45,71.9,6,80.7,79,0,1
1872,9.67,76.92,78.95,0,0,0,1,1,1,1,0,1,1,0,0,1,0,1,1,0,62.7,81,1,74,80.2,1,1
1873,8.79,65.33,85.51,1,2,4,0,0,1,0,0,0,0,0,0,0,1,1,0,0,64.3,77.2,2,67.8,78,3,1
1874,8.02,78.63,92.74,0,3,4,1,0,1,1,0,1,0,0,0,0,0,1,0,0,84.6,70.1,5,69.3,94,0,1
1875,7.81,83.66,84.68,2,0,1,0,1,0,1,0,1,0,0,0,0,0,0,1,1,79.3,86.4,3,56.9,100,1,0
1876,6.97,83.94,77.1,2,1,3,0,1,1,0,0,1,1,1,0,0,0,0,1,0,55.2,57.3,5,85,73.2,1,0
1877,7.51,81.96,83.51,1,1,5,1,0,0,1,0,1,0,0,1,0,0,1,0,0,42.3,36.9,2,63.7,83.5,1,0
1878,8.08,84.22,68.2,0,2,3,1,0,1,0,1,1,0,1,0,1,0,0,0,1,44,67.7,3,50.1,92.9,0,0
1879,5.76,93.96,78.89,3,1,5,1,0,1,1,1,1,0,0,0,0,0,1,0,0,70.7,73.3,4,36.9,90.9,3,0
1880,5.69,70.02,97.35,0,3,0,1,1,1,1,0,1,1,0,0,1,1,1,0,0,73.5,75.8,3,100,85,1,1
1881,7.87,71.27,86.17,0,2,3,1,0,0,0,0,0,0,0,0,0,0,1,1,0,60.1,46.3,5,72.7,77.5,0,0
1882,8.58,80.34,77.73,0,0,2,0,1,1,1,0,1,0,1,0,0,0,1,1,1,76.3,73.4,2,80.4,85.2,2,1
1883,7.03,80.27,81,2,1,1,1,0,0,1,1,1,0,1,0,0,0,0,0,1,55,88.3,2,66.8,88,3,0
1884,6.42,84.43,80.58,1,1,4,1,1,1,1,1,0,1,1,1,1,0,1,0,0,93.8,80.7,3,87.8,83.7,1,1
1885,7.86,85.83,93.44,0,0,3,1,0,0,0,1,1,0,0,1,0,1,0,0,0,63.8,68.1,2,59.8,92.1,1,0
1886,7.81,87.73,73.11,1,2,3,0,0,1,1,0,1,1,0,0,0,0,1,0,0,58.7,100,5,48.1,88.8,0,0
1887,7.31,100,85.98,1,1,8,0,0,0,1,0,1,0,0,1,0,1,0,0,1,86.2,57.5,1,47.1,78,0,1
1888,7.57,87.38,88.09,0,1,0,1,1,0,0,1,1,0,0,0,1,1,1,0,1,97.8,67.1,2,95.5,96.7,2,1
1889,9.25,86.81,84.99,0,0,8,1,1,1,0,1,1,0,1,0,0,0,0,0,1,71.7,49.5,0,71,84.7,3,1
1890,7.85,83.04,74.28,0,1,4,1,0,1,0,1,1,1,1,0,1,1,1,0,1,80.2,69.5,7,92.3,76.3,1,1
1891,6.86,100,77.1,0,1,5,1,0,0,1,1,0,1,1,1,0,0,1,0,1,72.1,58.7,4,100,85.3,3,1
1892,6.91,84.03,73.57,0,0,6,1,0,0,0,0,0,1,1,0,0,1,1,0,0,72.8,63.5,3,56,78,1,1
1893,7.01,91.6,92.97,4,0,2,0,0,0,1,1,1,1,1,0,0,0,1,0,0,71.8,38.5,4,90.2,87.4,0,0
1894,7.39,78.1,72.11,1,0,2,1,1,0,1,0,1,0,0,0,0,0,0,0,0,86.3,91.3,6,65.9,93.3,2,1
1895,7.85,100,77.53,0,1,1,1,0,0,0,0,1,0,0,1,0,0,1,0,0,40.1,62.7,3,67.8,93.6,2,0
1896,5.37,84.61,88.04,3,3,3,1,1,0,0,0,0,1,1,0,0,0,0,1,0,80.6,83.6,5,62.1,80.3,0,1
1897,7.76,79.46,74.35,4,3,7,0,0,1,0,0,1,0,1,1,0,0,1,1,0,94.1,48.3,3,100,100,3,1
1898,9.09,82.02,78.9,2,1,2,1,0,0,0,1,1,0,1,1,0,0,0,0,0,82.8,46.8,3,86.2,95.9,1,0
1899,7.86,83.88,77.39,0,1,0,1,1,1,1,0,1,1,0,0,1,0,1,0,0,80.1,79,2,90.4,95,1,1
